"","r.squared","adj.r.squared","sigma","statistic","p.value","df","logLik","AIC","BIC","deviance","df.residual","num.signal","adj.r.squared.original","quad.coeff","RMSE","Sample","threshold"
"1",0.918147268767582,0.918143104929387,2.15662464255148,220505.030652964,0,3,-86008.1387974292,172024.277594858,172058.595447425,182859.889537792,39316,39319,0.936,-0.0135,2.15654236684071,1,0.87
"2",0.948408386994768,0.94840503536656,0.851876073651467,282969.448920504,0,3,-38750.284023392,77508.5680467841,77541.9076978333,22341.179921855,30786,30789,0.804,0.0106,0.851834570347082,2,0.87
"3",0.804688916824937,0.804680735742014,1.82412587675771,98359.7066972437,0,3,-96455.3829194998,192918.765839,192953.860776383,158875.049175134,47747,47750,0.842,0.0039,1.82406857347409,3,0.87
"4",0.942472712139612,0.942470894388199,1.65948001831657,518482.728228473,0,3,-121875.181137173,243758.362274347,243794.584710395,174306.450474796,63295,63298,0.614,0.0187,1.65944069243705,4,0.87
"5",0.907439439406686,0.907434010316382,1.12074176889804,167143.920729043,0,3,-52272.9217529371,104553.843505874,104587.591833828,42829.2059138224,34098,34101,0.728,0.0104,1.12069246976815,5,0.87
"6",0.97608049942756,0.976079905515765,1.26132750560043,1643477.21036823,0,3,-132998.171013689,266004.342027378,266041.528660248,128149.19605567,80549,80552,0.802,0.0194,1.26130401755699,6,0.87
"7",0.963499738230967,0.963498328110556,1.11261791074295,683274.797645374,0,3,-78984.6717788076,157977.343557615,158012.761976581,64085.8087957763,51769,51772,0.571,0.0188,1.11258567418566,7,0.87
"8",0.927490301538425,0.927489381679767,2.32527791482028,1008296.53895352,0,3,-356741.306638319,713490.613276637,713530.485984902,852422.152807974,157654,157657,0.743,0.0176,2.3252557912643,8,0.87
"9",0.91001212049579,0.91001036288569,2.75890995563881,517755.400104569,0,3,-249219.410942755,498446.82188551,498484.968492539,779410.99310798,102398,102401,0.619,0.0176,2.75886954201742,9,0.87
"10",0.922352008156125,0.922346904268667,2.06342356125446,180715.585076526,0,3,-65219.2728860149,130446.54577203,130479.838509001,129549.548864872,30427,30430,0.944,-0.0135,2.06332184545983,10,0.87
"11",0.943916339369285,0.943911755311038,0.793740373280855,205912.815321633,0,3,-29069.7596641587,58147.5193283174,58179.9404678607,15416.0518771273,24469,24472,0.8,0.0104,0.793691719838099,11,0.87
"12",0.799125759435106,0.799115052423723,1.77442888129161,74635.7438893149,0,3,-74763.9533939082,149535.906787816,149570.037838442,118141.688706372,37522,37525,0.854,0.0038,1.77435795000523,12,0.87
"13",0.942746790530492,0.942744477456418,1.6372530647784,407573.10857199,0,3,-94653.8249695657,189315.649939131,189350.889416542,132700.303497643,49504,49507,0.625,0.0187,1.63720345731273,13,0.87
"14",0.90207407623687,0.902066752482194,1.08443936333403,123170.98486136,0,3,-40116.0446022756,80240.0892045513,80272.8656158271,31448.8255311553,26742,26745,0.726,0.0103,1.084378540576,14,0.87
"15",0.978112862722134,0.978112192878606,1.20284616826157,1460210.96243437,0,3,-104800.471792123,209608.943584246,209645.293818744,94550.9224091753,65350,65353,0.811,0.0195,1.20281855988921,15,0.87
"16",0.964738234998727,0.964736492945767,1.07851415187108,553793.860943203,0,3,-60505.7517165141,121019.503433028,121053.938279085,47089.5331421527,40483,40486,0.587,-0.0187,1.07847419234932,16,0.87
"17",0.929951006495949,0.929949858471735,2.25729438970278,810044.766169011,0,3,-272519.990589547,545047.981179094,545086.82949732,621809.354188304,122034,122037,0.76,0.0175,2.25726664432725,17,0.87
"18",0.914846636692305,0.914844477850319,2.64589528485671,423767.298624486,0,3,-188701.671472136,377411.342944272,377448.446234,552276.101487586,78888,78891,0.625,0.0177,2.64584497644816,18,0.87
"19",0.925152261181752,0.925146386393571,2.00055833729247,157478.403084536,0,3,-53830.0055821959,107668.011164392,107700.594388725,101980.915913658,25481,25484,0.949,-0.0135,2.00044058003982,19,0.87
"20",0.940419164284715,0.940413390668192,0.766112428249884,162882.16587312,0,3,-23788.6564419382,47585.3128838764,47617.0532163329,12113.6122078661,20639,20642,0.797,0.0103,0.766056754846195,1,0.9
"21",0.795718906148611,0.79570607442161,1.74616506392748,62011.8325541251,0,3,-62931.7481105283,125871.496221057,125904.970512483,97083.1029865103,31840,31843,0.86,0.0037,1.74608280693881,2,0.9
"22",0.942661017955243,0.942658264582756,1.62798058174793,342365.961146548,0,3,-79400.7338447407,158809.467689481,158844.016204177,110385.860259937,41650,41653,0.629,0.0188,1.62792195416182,3,0.9
"23",0.899018254486227,0.899009220513645,1.06586038856358,99515.2737509016,0,3,-33150.6561177726,66309.3122355452,66341.3721723594,25397.7208729716,22356,22359,0.724,0.0102,1.06578888070475,4,0.9
"24",0.978801334750265,0.978800576436359,1.18035256619377,1290760.10166656,0,3,-88606.7224308506,177221.444861701,177257.171070462,77895.6112128849,55910,55913,0.813,0.0195,1.18032089998735,5,0.9
"25",0.965616240372705,0.965614201003806,1.05975533541901,473487.774145553,0,3,-49806.5817828426,99621.1635656852,99654.8673071897,37870.303828402,33720,33723,0.594,-0.0188,1.05970819642312,6,0.9
"26",0.93095650295408,0.930955131478745,2.23170419796395,678799.304137144,0,3,-223697.436472685,447402.87294537,447440.952072993,501462.00770563,100685,100688,0.767,0.0175,2.23167095089148,7,0.9
"27",0.917418216875054,0.917415674762939,2.59303281163068,360888.180861912,0,3,-154101.669115814,308211.338231628,308247.665201504,436853.254786863,64971,64974,0.629,0.0178,2.59297294777567,8,0.9
"28",0.933063439496321,0.933053727284988,1.82671053064767,96071.1631523877,0,3,-27868.3048621639,55744.6097243278,55774.7356499205,45995.4348645468,13784,13787,0.96,-0.0135,1.82651177712121,9,0.9
"29",0.930750202300144,0.930737728230487,0.697256214818094,74614.7991718966,0,3,-11752.3815681411,23512.7631362822,23542.0240994094,5397.90364172456,11103,11106,0.786,0.0103,0.6971620355491,10,0.9
"30",0.785560476468915,0.785536785420632,1.69811784141338,33158.5359623673,0,3,-35277.2988703176,70562.5977406351,70593.8137352513,52201.8868928184,18103,18106,0.873,0.0037,1.69797715422229,11,0.9
"31",0.942146466938736,0.942141253734585,1.61101478444627,180723.109957359,0,3,-42081.5307758596,84171.0615517192,84203.0925816141,57604.2068694606,22195,22198,0.63,0.0188,1.61090591861021,12,0.9
"32",0.893465401351844,0.893447031734007,1.01758023708464,48638.2138844216,0,3,-16663.2184340696,33334.4368681391,33363.8725992432,12010.4111817617,11599,11602,0.716,0.0102,1.01744866761048,13,0.9
"33",0.980151247635887,0.980149942912797,1.11855650386965,751233.158475198,0,3,-46584.6158381445,93177.2316762891,93210.5242818093,38068.0574163738,30426,30429,0.809,0.0195,1.1185013631778,14,0.9
"34",0.969962774227975,0.9699592427218,0.988712264647257,274659.798438501,0,3,-23947.1784140478,47902.3568280957,47933.3239953498,16629.1360898513,17011,17014,0.616,0.0188,0.988625093272014,15,0.9
"35",0.930876789100709,0.930873918952645,2.22364109737556,324330.580981977,0,3,-106843.63125717,213695.262514339,213730.392481138,238165.571851903,48167,48170,0.78,0.0173,2.22357185275068,16,0.9
"36",0.918839454417448,0.918834392166047,2.53531633748252,181508.064629307,0,3,-75334.4718160289,150676.943632058,150710.446087767,206108.334675907,32065,32068,0.643,0.0179,2.53519774376126,17,0.9
"37",0.938208803439307,0.938191077909599,1.73820732928777,52929.8034482462,0,3,-13751.7547699,27511.5095397999,27538.9098902267,21064.9548249795,6972,6975,0.968,-0.0135,1.73783348105691,18,0.9
"38",0.92506055207984,0.925033281538384,0.660133924767084,33921.6056118227,0,3,-5517.43888204707,11042.8777640941,11069.3270502402,2395.02928526165,5496,5499,0.786,0.0104,0.659953830936215,19,0.9
"39",0.777877872218973,0.777831591954825,1.65931931157026,16807.9825500117,0,3,-18485.6720404121,36979.3440808242,37008.0229875806,26429.3162058223,9599,9602,0.883,0.0037,1.65906007668079,1,0.93
"40",0.940938371700655,0.940927075606498,1.62238281589355,83297.6742785031,0,3,-19902.1484015305,39812.2968030609,39841.3180580114,27524.141595664,10457,10460,0.621,0.0189,1.62215014392985,2,0.93
"41",0.898384614287182,0.89834635548232,0.899020090632615,23481.7741310385,0,3,-6974.37667791565,13956.7533558313,13983.0665089944,4293.35559929403,5312,5315,0.704,0.0098,0.898766333251458,3,0.93
"42",0.978976866503693,0.978973988987474,1.11209062759648,340215.933458846,0,3,-22289.0088395071,44586.0176790143,44616.3768937245,18071.3261809918,14612,14615,0.791,0.0194,1.11197648311792,4,0.93
"43",0.974148485975482,0.974141508508808,0.927535398369957,139613.491771355,0,3,-9959.45315984436,19926.9063196887,19954.5502816673,6374.98539184923,7410,7413,0.63,0.0187,0.927347695160837,5,0.93
"44",0.929468176996619,0.929461419132961,2.23884070980219,137538.758396316,0,3,-46447.6688165866,92903.3376331731,92935.1232465872,104628.998828012,20874,20877,0.785,0.017,2.23867984465309,6,0.93
"45",0.913998947259015,0.913986961049573,2.59850645926819,76254.2112866267,0,3,-34070.7330924958,68149.4661849916,68179.7530420259,96894.5840006195,14350,14353,0.654,0.0179,2.59823488096517,7,0.93
"46",0.920812768857462,0.920810818625191,2.5470628158338,472155.436264569,0,3,-191159.399241337,382326.798482673,382364.017706613,526839.254041523,81208,81211,0.232,-0.0184,2.54701577011945,8,0.93
"47",0.956548164358995,0.956546341791332,1.63408080309637,524835.474728756,0,3,-91077.7549911857,182163.509982371,182198.59947102,127321.433427714,47682,47685,0.593,0.0249,1.63402939993483,9,0.93
"48",0.91287735444304,0.912875332543376,1.99498549226849,451494.884169424,0,3,-181805.91946736,363619.838934721,363657.295801193,342989.585948581,86179,86182,0.751,0.0176,1.9949507691908,10,0.93
"49",0.940853434645308,0.940852380959146,2.02446012873793,892916.190994946,0,3,-238484.979623145,476977.95924629,477016.473858515,460115.331763373,112266,112269,0.903,0.0132,2.02443308021626,11,0.93
"50",0.912081593560935,0.912078372398539,1.82617442681306,283152.937171421,0,3,-110335.745682859,220679.491365718,220715.12186297,182046.232871727,54588,54591,0.479,0.0165,1.82612424822548,12,0.93
"51",0.948053142365226,0.948050217100126,1.32442330292172,324091.359298154,0,3,-60377.8040801715,120763.608160343,120797.519452517,62298.5120822992,35516,35519,0.773,0.0109,1.32436737012787,13,0.93
"52",0.924447567440378,0.924443042258745,1.64838569965239,204289.604756333,0,3,-64074.6545349469,128157.309069894,128190.973715762,90731.9214516188,33392,33395,0.628,0.012,1.6483116576077,14,0.93
"53",0.903144319868711,0.903141696510952,1.47393682175401,344270.359947023,0,3,-133425.41175421,266858.823508419,266895.662348575,160418.815963681,73841,73844,0.793,-0.006,1.47390688123496,15,0.93
"54",0.890827409508951,0.890825494502715,2.62998030627596,465182.511107123,0,3,-272042.90179643,544093.80359286,544132.380144544,788639.293234934,114018,114021,0.8,0.0171,2.62994570741777,16,0.93
"55",0.880805260747685,0.880803294616463,3.37042703049708,447989.05104808,0,3,-319370.964619128,638749.929238257,638788.751710482,1377350.40755179,121248,121251,0.719,0.0205,3.37038533457855,17,0.93
"56",0.923069736999991,0.923067326148753,2.47441051538263,382881.25061611,0,3,-148383.191872633,296774.383745267,296810.639220891,390751.186180959,63820,63823,0.25,0.0183,2.47435235986832,18,0.93
"57",0.957548226602022,0.957545960392312,1.56533548916075,422532.928993652,0,3,-69952.7061124173,139913.412224835,139947.537194892,91799.560129203,37465,37468,0.593,0.025,1.56527282101098,19,0.93
"58",0.916876129792125,0.916873607485675,1.92907391364602,363507.031371378,0,3,-136834.552316936,273677.104633873,273713.489058437,245276.328815807,65911,65914,0.75,0.0177,1.92903001335479,1,0.96
"59",0.937524475816773,0.937522980954554,2.05614998554519,627164.472684297,0,3,-178862.194281077,357732.388562153,357769.723278852,353385.170205687,83587,83590,0.905,0.0132,2.05611308815733,2,0.96
"60",0.915183536441431,0.915179052119577,1.63683246474642,204085.158494026,0,3,-72320.0787628601,144648.15752572,144682.321062326,101349.553741582,37828,37831,0.437,0.0167,1.63676756301571,3,0.96
"61",0.945952044615176,0.945948039876336,1.263589742417,236208.17296839,0,3,-44618.4059856673,89244.8119713346,89277.6255991052,43097.0207305225,26992,26995,0.788,0.0109,1.26351952803375,4,0.96
"62",0.923357580746112,0.92335143188982,1.62856851517907,150167.370462097,0,3,-47534.8471586818,95077.6943173636,95110.1899469553,66117.576501801,24929,24932,0.644,0.012,1.62847053161326,5,0.96
"63",0.894610031549378,0.894606349224874,1.4823023606703,242947.092445095,0,3,-103755.257010531,207518.514021062,207554.334333512,125771.086531095,57241,57244,0.793,0.006,1.48226351847421,6,0.96
"64",0.895482606406401,0.895480258676949,2.58009253239673,381424.957536874,0,3,-210735.148438695,421478.29687739,421515.884241334,592708.399806518,89037,89040,0.804,0.0173,2.58004906685992,7,0.96
"65",0.881193953339309,0.881191373851562,3.25084642638222,341615.870939761,0,3,-239310.206570068,478628.413140136,478666.13648613,973482.117177429,92116,92119,0.706,0.0199,3.25079349148995,8,0.96
"66",0.92463619597499,0.924633363813997,2.41906218002501,326477.272388339,0,3,-122534.795851898,245077.591703797,245113.120687448,311436.086636631,53220,53223,0.259,0.0182,2.41899400189893,9,0.96
"67",0.958096118721618,0.958093416378647,1.51444217770795,354542.753838445,0,3,-56881.4005484968,113770.801096994,113804.170130911,71129.4043546696,31013,31016,0.597,0.025,1.51436893427873,10,0.96
"68",0.919683629543462,0.919680669335205,1.89538055975442,310682.0701052,0,3,-111699.423023148,223406.846046296,223442.452732641,194941.65459103,54264,54267,0.751,0.0178,1.89532816861185,11,0.96
"69",0.933436269123407,0.933434319195006,2.09710440024933,478702.842844047,0,3,-147440.253602206,294888.507204412,294925.032458783,300254.19905136,68273,68276,0.904,0.0131,2.0970583270881,12,0.96
"70",0.910428186092001,0.910422068216589,1.5495963903342,148814.437165068,0,3,-54378.7839086286,108765.567817257,108798.707140131,70313.3724255352,29282,29285,0.415,0.0171,1.54951701679426,13,0.96
"71",0.945565890963876,0.945561043543329,1.22569877531089,195065.784314249,0,3,-36441.9637897357,72891.9275794713,72924.0059005574,33740.9976384689,22459,22462,0.796,0.0109,1.22561692108795,14,0.96
"72",0.922473983426007,0.92246642617918,1.61204333617078,122064.821297039,0,3,-38913.4704499203,77834.9408998405,77866.6575210377,53317.1938358992,20517,20520,0.647,0.012,1.61192549243831,15,0.96
"73",0.887004110498224,0.886999340625939,1.49504792869907,185959.719139318,0,3,-86285.7084762816,172579.416952563,172614.480943318,105900.039317198,47379,47382,0.79,0.006,1.49500059833329,16,0.96
"74",0.89823332115817,0.89823056720913,2.5541081756563,326161.92544071,0,3,-174175.527332347,348359.054664694,348395.897024237,482123.468352763,73906,73909,0.805,0.0173,2.55405633892273,17,0.96
"75",0.881406024181994,0.881402855253611,3.1928028854394,278140.089506796,0,3,-193101.932527638,386211.865055275,386248.758074274,762999.783374942,74848,74851,0.698,0.0197,3.19273890162734,18,0.96
"76",0.929528640875178,0.929523323485974,2.23476962761219,174809.216545671,0,3,-58930.0396534356,117868.079306871,117900.820265179,132376.140316926,26506,26509,0.282,0.0179,2.23464317058677,19,0.96
"77",0.959447650437671,0.959442164459646,1.44095525191516,174890.902958275,0,3,-26382.1276499068,52772.2552998136,52802.6613145951,30696.7885301153,14784,14787,0.609,0.0249,1.44080907334497,1,0.99
"78",0.926598465432161,0.926592998109933,1.82091051841848,169479.395368256,0,3,-54197.2619769025,108402.523953805,108435.316634064,89030.2665820533,26851,26854,0.746,0.018,1.82080880388561,2,0.99
"79",0.913149241309038,0.913143963231938,2.27319232597649,173007.939046408,0,3,-73727.6908672618,147463.381734524,147496.988226505,170059.244277408,32910,32913,0.901,0.0128,2.2730887235643,3,0.99
"80",0.868278174013258,0.868256839088414,1.42543775479253,40697.5032892227,0,3,-21901.9793120781,43811.9586241562,43841.6445933979,25089.565245346,12348,12351,0.38,0.0191,1.42526462820481,4,0.99
"81",0.945616274160486,0.945607090047367,1.12058722028196,102962.176294529,0,3,-18155.9465559779,36319.8931119558,36349.4120941031,14871.4412513444,11843,11846,0.821,0.0108,1.12044531691672,5,0.99
"82",0.921588333414529,0.921573231013415,1.57824379031994,61022.636495968,0,3,-19476.7343813063,38961.4687626126,38990.4620038255,25865.0223461209,10384,10387,0.648,0.0121,1.57801585764955,6,0.99
"83",0.863703220549527,0.863691327287795,1.57527461479759,72621.2236811822,0,3,-42941.7179787327,85891.4359574653,85923.5955416746,56875.7533676291,22920,22923,0.778,0.0059,1.57517153102856,7,0.99
"84",0.905779499198265,0.905774303262521,2.5007135942732,174324.615226511,0,3,-84707.6167308242,169423.233461648,169457.228446577,226798.168085296,36267,36270,0.806,0.0176,2.50061017139037,8,0.99
"85",0.879417419170063,0.879410361159537,3.1111107957343,124598.485074726,0,3,-87270.9982917426,174549.996583485,174583.753230982,330722.105788157,34169,34172,0.67,0.019,3.11097422870219,9,0.99
"86",0.931895221856837,0.93188369332901,2.12685617066458,80833.8441621069,0,3,-25685.9089789736,51379.8179579472,51409.3274742348,53445.3553717495,11815,11818,0.29,0.0176,2.12658620224817,10,0.99
"87",0.955681686174523,0.955667912028812,1.49731338108229,69382.2837523863,0,3,-11732.468985995,23472.9379719901,23500.0178648375,14426.9312691166,6435,6438,0.641,0.0246,1.49696447897314,11,0.99
"88",0.929499742438178,0.929488196375688,1.75821047154947,80503.612661991,0,3,-24223.7159204584,48455.4318409168,48485.0735208516,37751.0052083948,12212,12215,0.724,0.0179,1.75799455033308,12,0.99
"89",0.88819462273021,0.888179645452612,2.42890695978014,59302.8083316755,0,3,-34439.6705760202,68887.3411520403,68917.7864672725,88080.8640576773,14930,14933,0.894,0.0124,2.42866296704972,13,0.99
"90",0.857676406855814,0.857621939349827,1.4008902582023,15746.570203886,0,3,-9180.86654257791,18369.7330851558,18395.9809864926,10255.9911121395,5226,5229,0.366,0.0197,1.40048833873966,14,0.99
"91",0.944931429942056,0.94491215160491,1.03624964944331,49015.1937264638,0,3,-8312.68809974546,16633.3761994909,16659.9802976471,6134.69558840455,5713,5716,0.827,0.0106,1.03597767980053,15,0.99
"92",0.924025949124607,0.923995419065987,1.54992234154925,30266.1046489142,0,3,-9247.07348407006,18502.1469681401,18528.1997088202,11956.0443610764,4977,4980,0.648,0.0123,1.54945542714145,16,0.99
"93",0.847069914436889,0.847036773232953,1.66829820897473,25559.4189055491,0,3,-17823.1154719311,35654.2309438622,35682.7526678172,25686.3273579364,9229,9232,0.758,0.0059,1.66802712463296,17,0.99
"94",0.908471075992332,0.908459274184066,2.49355678616884,76977.2780161629,0,3,-36187.2110518295,72382.422103659,72413.0200961432,96444.6904905586,15511,15514,0.805,0.0178,2.49331568032783,18,0.99
"95",0.875629995196189,0.875613154301835,3.0076224719836,51994.26923497,0,3,-37227.7661270252,74463.5322540503,74493.9344799276,133606.361634896,14770,14773,0.639,0.0183,3.00731707275737,19,0.99
"96",0.809112492589589,0.809107652458564,4.39035159480747,167167.477180091,0,3,-228620.178144262,457248.356288524,457285.459020481,1520368.93493975,78877,78880,0.719,-0.0255,4.39026810609031,20,0.87
"97",0.933667989458006,0.933663315391801,1.14659872576861,199754.977485639,0,3,-44159.6919423279,88327.3838846558,88360.3984900352,37314.8076104864,28383,28386,0.908,0.0188,1.14653813450766,21,0.87
"98",0.773891401520254,0.773884169979061,2.44646884583583,107016.10913528,0,3,-144683.116998904,289374.233997809,289410.408052451,374279.110486495,62534,62537,0.51,-0.0126,2.44641016461863,22,0.87
"99",0.875917140538437,0.87591392007465,2.89361927310153,271984.781885446,0,3,-191223.737508181,382455.475016361,382492.484478648,645217.51123754,77059,77062,0.338,-0.0278,2.89356294869841,23,0.87
"100",0.940495632177537,0.940493544671211,1.29173720319234,450535.464475606,0,3,-95491.085347342,190990.170694684,191025.974833048,95126.0309703584,57010,57013,0.697,0.0213,1.29170321741201,24,0.87
"101",0.926840044121722,0.926838378916567,2.74106329757542,556592.10601788,0,3,-213288.838561599,426585.677123197,426623.211669154,660197.405047548,87869,87872,0.644,0.031,2.74101650644696,25,0.87
"102",0.856710658149368,0.856709107147129,2.41683843817459,552359.394850416,0,3,-425234.858380156,850477.716760312,850518.224293606,1079261.53185573,184770,184773,0.751,0.008,2.41681881803327,26,0.87
"103",0.696301633083581,0.696289203240053,3.03021400027594,56018.5356736317,0,3,-123518.405143021,247044.810286041,247079.997880152,448697.233103028,48866,48869,0.774,0.013,3.03012098853516,27,0.87
"104",0.912403699050638,0.912401741722616,2.16699463924697,466147.569030543,0,3,-196227.270976773,392462.541953546,392500.150331377,420308.161298597,89506,89509,0.658,0.0131,2.16695832424853,28,0.87
"105",0.9594354095637,0.959434320025669,1.303237222312,880589.187497402,0,3,-125381.912888279,250771.825776557,250808.698114538,126468.290456862,74462,74465,0.571,0.0198,1.30321097003881,29,0.87
"106",0.852413792786077,0.852410394687735,1.85589932602966,250850.242357827,0,3,-176973.327378375,353954.65475675,353992.143290719,299191.087553153,86864,86867,0.637,-0.0073,1.85586727849694,30,0.87
"107",0.820307220319097,0.820301303338634,4.19113440735525,138636.121151384,0,3,-173226.363578711,346460.727157421,346496.78465423,1066899.87565496,60738,60741,0.743,-0.0257,4.19103090594371,31,0.87
"108",0.930157493834512,0.930151253439036,1.06961290308618,149054.254243528,0,3,-33270.8505323222,66549.7010646445,66581.7660074934,25608.9023306461,22384,22387,0.917,0.0195,1.06954123322828,32,0.87
"109",0.766338533031688,0.766329142437215,2.4158838962853,81607.0308706352,0,3,-114514.854880868,229037.709761737,229072.970271681,290453.173691454,49765,49768,0.502,-0.0124,2.41581108081237,33,0.87
"110",0.876072475922944,0.876067225980173,2.90075295582283,166872.766840242,0,3,-117273.773644363,234555.547288726,234590.597071677,397250.71399056,47211,47214,0.354,-0.0274,2.9006607967481,34,0.87
"111",0.942203088016613,0.942200555119535,1.23227981982521,371986.329824802,0,3,-74291.4972854328,148590.994570866,148625.908730081,69300.4030798006,45637,45640,0.694,0.0212,1.23223931916558,35,0.87
"112",0.932750239098308,0.932748188237984,2.59818432051891,454809.24660809,0,3,-155680.98527356,311369.970547119,311406.33495628,442715.341566665,65582,65585,0.65,0.0309,2.59812489654927,36,0.87
"113",0.861725907895328,0.861724001310765,2.35869229395378,451973.610210694,0,3,-330288.559830921,660585.119661843,660624.659052154,806969.8619833,145049,145052,0.761,0.0081,2.35866790230986,37,0.87
"114",0.697590667645501,0.697575015798684,2.85099076061172,44569.2240535056,0,3,-95320.4541231121,190648.908246224,190683.156936942,314087.907269122,38642,38645,0.785,0.0126,2.85088009767629,38,0.87
"115",0.914388897104018,0.914386494153969,2.1353421213606,380527.634028442,0,3,-155167.456042887,310342.912085773,310379.608335263,324900.424166922,71255,71258,0.677,0.0131,2.13529717136348,39,0.87
"116",0.961005312456314,0.961004006867043,1.24588648209569,736070.166933198,0,3,-97896.2886847622,195800.577369524,195836.568263976,92722.6457976647,59735,59738,0.611,0.0197,1.24585519793508,40,0.87
"117",0.856478139817424,0.85647398824715,1.78801811002942,206302.214135829,0,3,-138289.704000609,276587.408001218,276623.98378748,221044.382799141,69141,69144,0.643,-0.0073,1.78797932060073,41,0.87
"118",0.820816585471654,0.82080943600873,4.14225812943061,114808.146320534,0,3,-142371.023657435,284750.047314869,284785.336654922,860059.908343054,50125,50128,0.753,-0.0258,4.14213417714527,42,0.87
"119",0.926968692524345,0.926960925715084,1.03548750891378,119350.000939144,0,3,-27343.2285742671,54694.4571485341,54725.8255115648,20164.4397712761,18806,18809,0.92,0.0199,1.03540492646906,43,0.87
"120",0.762125902608656,0.762114633227502,2.39191781754815,67628.0172102878,0,3,-96723.6648778224,193455.329755645,193489.932258187,241529.170030696,42216,42219,0.502,-0.0123,2.39183283352519,20,0.9
"121",0.884296588883096,0.884289699724946,2.83196884626532,128360.616743491,0,3,-82634.2803590597,165276.560718119,165310.249010083,269393.397077439,33590,33593,0.397,-0.0274,2.83184238991686,21,0.9
"122",0.942875664440614,0.942872720949319,1.20879455489107,320325.616755332,0,3,-62438.0573305695,124884.114661139,124918.381115435,56714.4064861141,38814,38817,0.693,0.0212,1.20874784270654,22,0.9
"123",0.936864887074648,0.936862508477167,2.51223767899543,393872.815702795,0,3,-124232.726883517,248473.453767034,248508.972667152,335043.697336906,53086,53089,0.648,0.0308,2.51216669612221,23,0.9
"124",0.862544682982733,0.862542399216583,2.34515994520023,377685.203496662,0,3,-273414.37646449,546836.752928981,546875.546530493,662040.935691966,120376,120379,0.764,0.0081,2.34513072281231,24,0.9
"125",0.695099772527252,0.695081126476159,2.77006092041216,37278.6585781787,0,3,-79731.8811532903,159471.762306581,159505.343684186,250945.559291398,32704,32707,0.792,0.0124,2.76993387767927,25,0.9
"126",0.915390458726196,0.915387652811847,2.12058506523115,326236.066014174,0,3,-130911.399545046,261830.799090092,261866.828169241,271197.9004867,60308,60311,0.689,0.0131,2.12053232332412,26,0.9
"127",0.96203906274779,0.96203757259343,1.21829895087448,645596.918251585,0,3,-82357.0129768748,164722.02595375,164757.380510918,75621.172149776,50949,50952,0.634,0.0196,1.21826308426813,27,0.9
"128",0.859603659051859,0.859598839983057,1.74814504783198,178375.469274072,0,3,-115227.062889339,230462.125778678,230498.017149319,178064.599244955,58267,58270,0.648,-0.0073,1.74810004609312,28,0.9
"129",0.816756437541952,0.816741526962803,4.10389495877042,54776.9760886952,0,3,-69587.070286876,139182.140573752,139214.579652739,413958.383251997,24579,24582,0.777,0.026,4.10364453039741,29,0.9
"130",0.916673489492388,0.916656750538891,0.970954677336272,54762.8912202707,0,3,-13836.1622406649,27680.3244813297,27709.1494091055,9386.04872305243,9956,9959,0.931,0.0209,0.97080842352418,30,0.9
"131",0.737712982772809,0.73769026115309,2.35737241087793,32467.4469467225,0,3,-52562.5650309397,105133.130061879,105165.318681489,128299.184529544,23087,23090,0.487,-0.0119,2.3572192634773,31,0.9
"132",0.925428492735439,0.925415030959599,2.40303930139825,68744.904368377,0,3,-25439.1462648218,50886.2925296436,50915.5448394413,63976.7699575515,11079,11082,0.646,0.0282,2.40271401688895,32,0.9
"133",0.944569538148598,0.94456415184388,1.162873709059,175365.039229623,0,3,-32313.5082882801,64635.0165765603,64666.7458482971,27832.5294676069,20582,20585,0.689,-0.0211,1.16278896899968,33,0.9
"134",0.946065352838616,0.946060795045303,2.367277273673,207570.920401445,0,3,-53982.1717939199,107972.34358784,108004.63144265,132629.908007848,23667,23670,0.646,0.0305,2.36712725134808,34,0.9
"135",0.858020411347134,0.858015353472863,2.37754148445396,169640.518017089,0,3,-128290.133603656,256588.267207312,256624.009978948,317354.080475237,56142,56145,0.754,0.0081,2.37747796392911,35,0.9
"136",0.707742644494515,0.707709940711658,2.48834561027896,21641.0024363152,0,3,-41659.5298222912,83327.0596445823,83358.2245018225,110667.183059226,17873,17876,0.809,-0.0118,2.48813680097996,36,0.9
"137",0.91780474530929,0.917799707446234,2.10220436371788,182181.360450071,0,3,-70550.761177185,141109.52235437,141143.094794245,144204.977049597,32631,32634,0.716,0.0132,2.10210773507847,37,0.9
"138",0.963697482490855,0.963694947487363,1.16726293732333,380156.274135363,0,3,-45072.7032368874,90153.4064737748,90186.4572708793,39023.441688031,28641,28644,0.673,0.0196,1.16720180967869,38,0.9
"139",0.868812703435582,0.86880427616658,1.65850149259581,103095.40411743,0,3,-59932.6481803306,119873.296360661,119906.680969068,85638.0272741449,31134,31137,0.658,-0.0073,1.65842159369211,39,0.9
"140",0.791347278974983,0.791308969469608,4.27218417013319,20656.6822314312,0,3,-31281.6103581077,62571.2207162154,62600.4053203289,198814.216757464,10893,10896,0.784,0.0262,4.27159599856433,40,0.9
"141",0.916132878925544,0.91609736458251,0.859453867124009,25796.1375788969,0,3,-5988.61191074429,11985.2238214886,12011.0671593196,3488.69566550118,4723,4726,0.943,0.021,0.859181039054982,41,0.9
"142",0.724041627859239,0.723993290431994,2.34251802894297,14978.9028735825,0,3,-25926.0538654756,51860.1077309512,51889.4805671315,62655.0271944072,11418,11421,0.481,-0.0117,2.34221034942119,42,0.9
"143",0.945778022598831,0.945749964654509,2.06601615112691,33708.0297745252,0,3,-8293.66028859013,16595.3205771803,16620.3625486066,16497.4538774121,3865,3868,0.777,0.0291,2.06521480020745,43,0.9
"144",0.946306054490221,0.946294890347273,1.1584473797955,84762.9826018618,0,3,-15066.7362783937,30141.4725567873,30170.1597864764,12908.7011911519,9619,9622,0.679,-0.0212,1.1582667721738,20,0.93
"145",0.949157670258275,0.949147497723313,2.31457054308696,93305.9137936728,0,3,-22577.8685421202,45163.7370842404,45192.5780457083,53550.939042063,9996,9999,0.646,0.0301,2.31422329673543,21,0.93
"146",0.847700730107055,0.847687541168333,2.46895847960825,64273.6119995325,0,3,-53649.0312404843,107306.062480969,107338.252486219,140781.484220211,23095,23098,0.733,0.0081,2.46879813854066,22,0.93
"147",0.753191345836642,0.753135494138484,2.12161932805985,13485.5585535877,0,3,-19193.3554360789,38394.7108721579,38423.0594932435,39782.2116499162,8838,8841,0.832,0.0113,2.12125933495841,23,0.93
"148",0.91966853594264,0.919658404593913,2.06955922760416,90774.5415455438,0,3,-34040.5546950505,68089.109390101,68119.7958642806,67921.0096386726,15858,15861,0.725,0.0133,2.06936349684025,24,0.93
"149",0.963527998173597,0.963522894339029,1.16358004166314,188785.115435152,0,3,-22447.9400494837,44903.8800989675,44934.1507593865,19350.2033928955,14292,14295,0.687,0.0197,1.16345793871495,25,0.93
"150",0.87648192557838,0.876465381501977,1.61326351865089,52978.595132817,0,3,-28333.1473609064,56674.2947218128,56704.7405727354,38862.3096048661,14932,14935,0.67,-0.0074,1.61310148203813,26,0.93
"151",0.808842923722619,0.80883909545121,1.73142194910023,211281.49947029,0,3,-196528.861496341,393065.722992682,393103.769451107,299380.488439183,99866,99869,0.633,0.0119,1.73139594350863,27,0.93
"152",0.914884944639391,0.914883397950639,2.348902010428,591511.9920051,0,3,-250161.482199687,500330.964399374,500369.399668549,607244.029785126,110061,110064,0.875,0.0089,2.34886999835298,28,0.93
"153",0.919635688502854,0.919634752880907,2.67193319142302,982913.763046041,0,3,-412595.951244088,825199.902488176,825240.118623779,1226433.52434198,171788,171791,0.607,-0.0166,2.67190986122945,29,0.93
"154",0.895170299204864,0.895168387422819,1.55364026023487,468238.678820379,0,3,-203934.171235772,407876.342471545,407914.763396088,264713.991651106,109667,109670,0.865,0.0116,1.55361901033674,30,0.93
"155",0.876330709883405,0.876319469264416,0.858186357005836,77961.0723167194,0,3,-27859.4615769967,55726.9231539934,55758.9196174476,16205.5900490143,22004,22007,0.777,0.0167,0.858127860917815,31,0.93
"156",0.807375976056125,0.807366340036918,2.23422351644098,83787.2941854049,0,3,-88874.0030337066,177756.006067413,177790.390905984,199570.353762288,39980,39983,0.552,0.0182,2.2341396958637,32,0.93
"157",0.890448318424792,0.890445875119934,1.86926369450648,364444.213938995,0,3,-183343.659028898,366695.318057797,366732.933980821,313337.610667133,89675,89678,0.839,0.014,1.86923242798636,33,0.93
"158",0.893379802091352,0.89337751270411,1.85018687695493,390226.601236899,0,3,-189478.438756388,378964.877512776,379002.64520651,318846.323989621,93143,93146,0.364,0.0229,1.85015708176607,34,0.93
"159",0.935847734617436,0.935845775470531,1.81682492952146,477681.246130658,0,3,-132034.285074196,264076.570148393,264112.928942575,216172.851478513,65490,65493,0.343,0.0137,1.81678331792017,35,0.93
"160",0.875583581688572,0.875579939841594,1.81784439863416,240422.946643202,0,3,-137790.073703115,275588.14740623,275624.675764442,225787.247511894,68326,68329,0.934,0.017,1.81780449176404,36,0.93
"161",0.927649850626021,0.927647333530004,1.83642937069304,368539.715704567,0,3,-116517.027799709,233042.055599418,233077.893064612,193873.345781946,57487,57490,0.743,0.0162,1.83638145488171,37,0.93
"162",0.85579954624693,0.855795844813238,1.99536041543814,231207.585378198,0,3,-164389.140824339,328786.281648677,328823.335349096,310219.685717053,77916,77919,0.757,0.0165,1.99532200286312,38,0.93
"163",0.957614097311239,0.957611223788125,1.01496068957957,333254.356905197,0,3,-42300.9933337656,84609.9866675312,84643.1557920367,30390.3135862605,29501,29504,0.899,0.0101,1.0149090870939,39,0.93
"164",0.799436701728029,0.799431779083691,1.72231781625395,162399.849918389,0,3,-159929.584251974,319867.168503947,319904.401397231,241718.331503897,81486,81489,0.63,0.0117,1.72228611258226,40,0.93
"165",0.916592069466712,0.916590090607401,2.33235887687038,463192.13514797,0,3,-191011.546517116,382031.093034231,382068.461677705,458577.955644574,84299,84302,0.88,0.009,2.33231737643812,41,0.93
"166",0.917107967782768,0.917106559742541,2.67219965255099,651336.481603741,0,3,-282800.808561005,565609.617122011,565648.322194231,840747.387400427,117741,117744,0.64,0.0164,2.67216560983959,42,0.93
"167",0.895407753084817,0.89540543838011,1.51763850639846,386834.549636368,0,3,-165935.499358974,331878.998717948,331916.645609785,208147.197557933,90372,90375,0.866,0.0115,1.51761331716857,43,0.93
"168",0.866756559142869,0.866741963520034,0.820758734532593,59384.6914903636,0,3,-22302.7126752167,44613.4253504335,44644.6754421021,12299.4085898882,18258,18261,0.787,0.0166,0.820691312777476,20,0.96
"169",0.807577584267799,0.807565429097985,2.18302554538234,66439.0211457675,0,3,-69648.2274291832,139304.454858366,139337.906601038,150883.678437062,31661,31664,0.558,0.0181,2.18292212775086,21,0.96
"170",0.893924358365266,0.893921251287303,1.84472414930586,287705.802428038,0,3,-138699.592404697,277407.184809394,277443.710473845,232357.33073056,68280,68283,0.845,0.014,1.84468362506677,22,0.96
"171",0.89628387374649,0.896280521576928,1.71017100629119,267374.265270324,0,3,-121012.680679752,242033.361359504,242069.493362641,180979.499802569,61880,61883,0.421,0.0224,1.71012955245734,23,0.96
"172",0.940348399811565,0.94034608988281,1.72946328044469,407089.784683462,0,3,-101583.086183423,203174.172366846,203209.581426188,154481.401177219,51648,51651,0.368,0.0138,1.72941305426144,24,0.96
"173",0.878322519974148,0.878318019401577,1.71282408975613,195157.950715085,0,3,-105827.712133676,211663.424267352,211699.016776356,158634.614750339,54072,54075,0.935,0.0166,1.71277657663972,25,0.96
"174",0.924168747289128,0.924165296571159,1.79316581467293,267819.264221919,0,3,-88034.8984815006,176077.796963001,176112.560558647,141321.963373805,43951,43954,0.741,0.016,1.79310461899974,26,0.96
"175",0.852906145561533,0.852901454619975,1.97726020130621,181819.819111212,0,3,-131745.008846658,263498.017693316,263534.203244605,245184.014370727,62714,62717,0.758,0.0165,1.97721291068691,27,0.96
"176",0.963859760862825,0.963856563460441,0.927040924173243,301450.879604888,0,3,-30366.4783542253,60740.9567084507,60773.061121795,19427.7066063293,22606,22609,0.913,0.0102,0.926979417361005,28,0.96
"177",0.793599018471483,0.793593085618711,1.73167820515797,133763.477521541,0,3,-136937.930883773,273883.861767545,273920.462812314,208647.20177532,69579,69582,0.628,0.0117,1.73164087445022,29,0.96
"178",0.917194513777451,0.917192125008358,2.32710926100596,383961.144040483,0,3,-156936.014201316,313880.028402633,313916.615049989,375446.867315183,69329,69332,0.883,0.009,2.32705891337928,30,0.96
"179",0.914536631034466,0.91453471978639,2.6788079529878,478502.316118959,0,3,-215028.003739452,430064.007478904,430101.612548438,641765.109565335,89432,89435,0.657,0.0162,2.67876302375845,31,0.96
"180",0.894684343049327,0.894681627608502,1.50949341332046,329480.331467496,0,3,-142008.710158785,284025.42031757,284062.45611327,176744.146061295,77568,77571,0.866,0.0115,1.50946422377782,32,0.96
"181",0.863538263168782,0.86352097749688,0.797085189096596,49956.8815177677,0,3,-18824.8507680644,37657.7015361288,37688.3705711755,10031.4590263136,15789,15792,0.797,0.0165,0.797009474521351,33,0.96
"182",0.806985481948291,0.806971050416791,2.14296759557481,55918.2150506729,0,3,-58348.0931141825,116704.186228365,116736.963686429,122839.703284423,26749,26752,0.555,0.018,2.14284743478248,34,0.96
"183",0.896260631749127,0.896256902598804,1.83164437726353,240339.099848945,0,3,-112622.354151091,225252.708302182,225288.414932766,186657.746618333,55637,55640,0.848,0.014,1.83159499725631,35,0.96
"184",0.898945904463237,0.898941587849088,1.6331611001984,208252.55012827,0,3,-89406.8674728247,178821.734945649,178856.751550333,124881.681905382,46821,46824,0.463,0.022,1.6331087812831,36,0.96
"185",0.942636338794104,0.942633705077651,1.68406433201136,357911.094680873,0,3,-84519.1357457544,169046.271491509,169080.99943711,123542.161767485,43561,43564,0.387,0.0138,1.68400634514172,37,0.96
"186",0.88177348762668,0.881768279869109,1.63586334120537,169319.227254972,0,3,-86776.2370125003,173560.474025001,173595.367711229,121503.322943406,45404,45407,0.936,0.0163,1.63580930029663,38,0.96
"187",0.922654419025906,0.922650177541933,1.76817804170731,217531.039863572,0,3,-72541.2079508164,145090.415901633,145124.433321461,114024.888777892,36471,36474,0.74,0.0159,1.76810532356281,39,0.96
"188",0.85074886709079,0.8507432543524,1.97912136578526,151574.651785097,0,3,-111773.746794057,223555.493588113,223591.019790044,208313.629779541,53183,53186,0.757,0.0164,1.97906554801531,40,0.96
"189",0.967839845211947,0.967836402861956,0.867218830567695,281156.723699958,0,3,-23853.257183602,47714.514367204,47745.8569147465,14052.3999242041,18685,18688,0.923,0.0102,0.867149220098099,41,0.96
"190",0.788146279880275,0.788134634767172,1.76872907870801,67680.4315195356,0,3,-72381.5017966829,144771.003593366,144805.011570682,113826.926922462,36385,36388,0.627,0.0117,1.76865616598119,42,0.96
"191",0.919796623423607,0.919791884951636,2.32622250505196,194112.496413903,0,3,-76618.6024694533,153245.204938907,153278.924306818,183183.704813183,33852,33855,0.889,0.0092,2.32611943575463,43,0.96
"192",0.912300678789173,0.912295269758352,2.68590946530226,168662.503327586,0,3,-78056.1454252486,156120.290850497,156153.838207294,233931.933808635,32427,32430,0.701,0.0157,2.68578522979881,20,0.99
"193",0.8922847838386,0.892279563560604,1.50694953020267,170926.679496591,0,3,-75484.2304250171,150976.460850034,151010.972511447,93715.3727153032,41268,41271,0.866,0.0114,1.50689475892564,21,0.99
"194",0.849585213137277,0.849551480285323,0.738935646979339,25185.6918085889,0,3,-9957.85142604862,19923.7028520972,19952.0875054049,4869.45889038007,8918,8921,0.793,0.0161,0.738811389982247,22,0.99
"195",0.812475769468881,0.81245041465134,2.01964092298412,32044.2364913193,0,3,-31391.3929217404,62790.7858434808,62821.1940217401,60335.8203796617,14792,14795,0.561,0.0179,2.01943615008977,23,0.99
"196",0.899381432771677,0.899373720172626,1.81189775671912,116611.978237716,0,3,-52535.9108316863,105079.821663373,105112.499659389,85659.344061132,26092,26095,0.849,0.014,1.81179360171802,24,0.99
"197",0.905575234461474,0.905565122578251,1.5198868052273,89555.5471191616,0,3,-34322.5520045694,68653.1040091388,68684.4446298474,43142.6040015491,18676,18679,0.574,0.0217,1.51976474720733,25,0.99
"198",0.949745699541877,0.949741429122056,1.5788547759856,222401.014247973,0,3,-44149.1496622678,88306.2993245355,88338.5649801316,58670.1266523661,23536,23539,0.428,0.0139,1.57875416178674,26,0.99
"199",0.888406523265384,0.888396863583346,1.55057357799127,91970.5762410363,0,3,-42923.0760128148,85854.1520256297,85886.3437622573,55550.8529117673,23105,23108,0.94,0.0159,1.55047292298605,27,0.99
"200",0.918228505769215,0.918219814995038,1.69601722184763,105655.547719342,0,3,-36647.1505545486,73302.3011090973,73333.672023284,54129.4955754131,18818,18821,0.732,0.0155,1.69588204692504,28,0.99
"201",0.84960869576639,0.849597963113099,2.01200607182967,79161.1051589373,0,3,-59363.788393085,118735.57678617,118768.540623328,113449.920337052,28025,28028,0.763,0.0165,2.01189839058695,29,0.99
"202",0.975050919249268,0.975045597346377,0.744531553570624,183214.714606525,0,3,-10539.9188359927,21087.8376719854,21116.4225856915,5197.3721484432,9376,9379,0.941,0.0102,0.744412469803663,30,0.99
"203",0.789489921299558,0.789463761230129,1.81966076640191,30179.1982403749,0,3,-32475.6239541475,64959.2479082949,64989.9934610878,53289.8944151678,16094,16097,0.64,0.0119,1.81949119329292,31,0.99
"204",0.921098656396882,0.921088503743778,2.35539929025263,90724.9215450054,0,3,-35375.7360425635,70759.472085127,70790.0783197262,86231.1001062106,15543,15546,0.892,0.0093,2.35517201189148,32,0.99
"205",0.903707132650618,0.903690015440174,2.74553731438001,52795.2341088808,0,3,-27333.5129458521,54675.0258917042,54704.3398073042,84809.7583524912,11251,11254,0.717,0.0153,2.74517134845996,33,0.99
"206",0.890753819381172,0.890742051601712,1.50974024015792,75694.2992000577,0,3,-33997.8698515072,68003.7397030144,68035.0569136317,42320.0526106282,18567,18570,0.864,0.0112,1.50961828529362,34,0.99
"207",0.830338581788166,0.830265514855258,0.695389364258488,11364.0815173714,0,3,-4904.12913361398,9816.25826722796,9842.0341757443,2245.68221263824,4644,4647,0.807,0.0158,0.695164864054329,35,0.99
"208",0.81912620665486,0.819078714520596,1.93135485389042,17247.6183550382,0,3,-15826.4610890826,31660.9221781653,31688.67630476,28412.4121812283,7617,7620,0.574,0.018,1.93097462849961,36,0.99
"209",0.899540875093662,0.899522447298577,1.82255755358686,48814.3519580242,0,3,-22019.6692075892,44047.3384151783,44076.5266886803,36216.6699419965,10903,10906,0.844,0.0139,1.82230686365831,37,0.99
"210",0.902149347606023,0.902124550177642,1.56209319480663,36380.7623000836,0,3,-14722.4003369312,29452.8006738623,29480.6966135691,19257.5465979693,7892,7895,0.618,0.0219,1.56179637879328,38,0.99
"211",0.9545656453017,0.954557638542567,1.51393946359689,119219.977707028,0,3,-20814.1366382899,41636.2732765798,41665.6218734552,26012.0521258995,11349,11352,0.444,0.014,1.51373940552352,39,0.99
"212",0.892964577294907,0.892944887187713,1.53425633687297,45350.9251376474,0,3,-20084.4543356757,40176.9086713513,40206.0855587751,25592.0629386573,10872,10875,0.945,0.0159,1.53404470071265,40,0.99
"213",0.915743563964659,0.915724451696079,1.65885393581168,47913.9124760137,0,3,-16977.5774285897,33963.1548571794,33991.4939657755,24262.5886856155,8817,8820,0.725,0.0151,1.65857179380167,41,0.99
"214",0.855433148038335,0.855411379200516,2.04617558621811,39296.2249577726,0,3,-28360.7926823923,56729.5853647847,56759.5629282175,55609.5362226127,13282,13285,0.781,0.0168,2.04594454092846,42,0.99
"215",0.978337011063082,0.978327211022848,0.685444868023622,99829.8974002347,0,3,-4604.9953488156,9217.99069763119,9243.569895804,2077.13906324875,4421,4424,0.95,0.0103,0.685212421896543,43,0.99
"216",0.894599323150645,0.894596534699182,2.58092952598533,320822.985454843,0,3,-178952.73109573,357913.462191459,357950.395090618,503573.187294142,75598,693,0.495,0.0136,2.5808783172355,1,0.69
"217",0.957716827750248,0.957715313987705,1.07965127923023,632673.091156043,0,3,-83553.375269771,167114.750539542,167150.47352772,65118.863216194,55865,693,0.495,0.0111,1.07962229128257,2,0.69
"218",0.811789362433388,0.81178491994088,2.0068554881267,182732.860233156,0,3,-179256.036163174,358520.072326348,358557.461462422,341255.499090402,84732,693,0.495,0.004,2.00681996195833,3,0.69
"219",0.938872134497397,0.938871034669843,1.82231270602599,853653.949311804,0,3,-224439.57417939,448887.148358779,448925.623334282,369139.430390525,111159,693,0.495,0.0186,1.82228811590075,4,0.69
"220",0.921077420999136,0.921074761165657,1.28850056178675,346291.38558165,0,3,-99251.4744096467,198510.948819293,198546.913446698,98524.9085577787,59344,693,0.495,-0.011,1.28846799442414,5,0.69
"221",0.96406961494199,0.964069044392009,1.57139052466067,1689719.82635173,0,3,-235643.897787674,471295.795575347,471334.770231749,311004.32739611,125950,693,0.495,0.0195,1.57137181053855,6,0.69
"222",0.957967093740085,0.957966157511774,1.3015297456512,1023219.53125498,0,3,-151076.686810676,302161.373621352,302198.994759646,152105.823320145,89792,693,0.495,0.0188,1.30150800378445,7,0.69
"223",0.915964138748389,0.915963495891488,2.57926649033074,1424833.64059342,0,3,-618700.442570378,1237408.88514076,1237450.78110352,1739293.09289986,261445,693,0.495,0.0176,2.579251692318,8,0.69
"224",0.891786767095992,0.891785553521399,3.1468561995408,734842.977159009,0,3,-457504.238894529,915016.477789058,915056.843599966,1766028.41535665,178338,693,0.495,0.017,3.14682973168344,9,0.69
"225",0.914064915981908,0.914063639389656,2.73759662068686,716019.47664686,0,3,-326625.557674999,653259.115349997,653298.356640766,1008990.80760068,134632,693,0.495,-0.0183,2.73756612031321,10,0.69
"226",0.952261492062651,0.952260296118368,1.83122609020178,796242.354883617,0,3,-161582.541944355,323173.083888709,323210.23485805,267714.456901947,79834,693,0.495,0.0249,1.83119168428799,11,0.69
"227",0.901244346779835,0.901243024900086,2.23867112235447,681789.964279767,0,3,-332431.249932115,664870.49986423,664910.157929876,748825.468095831,149417,693,0.495,0.0173,2.23864864863248,12,0.69
"228",0.933063088168054,0.933062435557963,2.17440591256752,1429740.51547962,0,3,-450420.97489884,900849.949797679,900890.875569988,969891.433470633,205136,693,0.495,0.013,2.17439001300286,13,0.69
"229",0.891614931212781,0.891612971496133,2.26598526000481,454971.351173183,0,3,-247440.761068355,494889.522136711,494927.977416803,567963.376320212,110613,693,0.495,0.0173,2.26595453207272,14,0.69
"230",0.948876493761699,0.94887507030336,1.53119485194757,666599.413479194,0,3,-132529.444876727,265066.889753454,265103.618150492,168409.577768726,71830,693,0.495,0.0109,1.53116287755893,15,0.69
"231",0.911172457935441,0.91116975287135,1.87029114141537,336839.508242937,0,3,-134312.153863081,268632.307726162,268668.677803334,229730.424531412,65675,693,0.495,0.0119,1.87024842591324,16,0.69
"232",0.911346348805754,0.911344948716505,1.51525246163216,650920.182406716,0,3,-232327.692280446,464663.384560891,464702.381070425,290764.176447161,126640,693,0.495,-0.0059,1.51523451439344,17,0.69
"233",0.880135306573264,0.880134037351239,2.80273650273718,693444.715944902,0,3,-462671.531236131,925351.062472262,925391.657983304,1483707.2346532,188879,693,0.495,0.0167,2.80271424481187,18,0.69
"234",0.875671527125666,0.875670305176176,3.57156971338241,716618.431314465,0,3,-547795.588914997,1095599.17782999,1095640.07141685,2595766.38038979,203492,693,0.495,0.0211,3.57154338657185,19,0.69
"235",0.733313109769467,0.733309208385699,5.35256061486987,187962.311162652,0,3,-423344.549727092,846697.099454184,846736.402127684,3916843.13074344,136714,693,0.495,-0.0243,5.35250188855956,20,0.69
"236",0.931368472733595,0.931365754599483,1.52717737552781,342649.933477412,0,3,-93041.3501397777,186090.700279555,186126.019352429,117777.339913627,50499,693,0.495,0.0169,1.52713201494637,21,0.69
"237",0.779432240708177,0.77942793093436,2.54088742189659,180852.238147401,0,3,-240693.119728944,481394.239457887,481432.384463049,660827.937730732,102357,693,0.495,-0.0128,2.54085018704841,22,0.69
"238",0.869380107678737,0.869378794817041,2.94587026769541,662202.355445876,0,3,-497337.727763858,994683.455527715,994724.259526917,1726822.00290976,198985,693,0.495,-0.0283,2.94584806122037,23,0.69
"239",0.932713064705661,0.932711649136951,1.51706717509864,658896.35584156,0,3,-174520.16404489,349048.32808978,349086.177564745,218796.01732589,95067,693,0.495,0.0218,1.51704323885466,24,0.69
"240",0.910734916599836,0.910733758719037,3.10065660826935,786553.259331412,0,3,-393268.179380897,786544.358761794,786584.142525343,1482364.82732253,154187,693,0.495,0.0311,3.10062644413721,25,0.69
"241",0.824404848152663,0.824403658274013,2.71677584670137,692847.836522578,0,3,-713787.062216454,1427582.12443291,1427624.50540238,2178449.31426806,295148,693,0.495,0.0078,2.71676203961915,26,0.69
"242",0.688501669655905,0.688494228846361,3.49356600291552,92530.4787855547,0,3,-223546.005469713,447100.010939425,447137.352349886,1021888.32107231,83727,693,0.495,0.014,3.49350341607753,27,0.69
"243",0.908520410663507,0.908519201327873,2.32127937936453,751255.801462369,0,3,-342078.339185883,684164.678371766,684204.386239859,815196.2611861,151289,693,0.495,0.0133,2.32125636468874,28,0.69
"244",0.949248273836002,0.949247452238415,1.59995147334313,1155368.86729565,0,3,-233367.890192427,466743.780384854,466782.677892571,316253.455723577,123544,693,0.495,0.0202,1.59993204800881,29,0.69
"245",0.844604425676184,0.844602277384921,2.06854437136744,393151.729673877,0,3,-310433.318111632,620874.636223264,620914.165120824,619020.685470607,144669,693,0.495,0.0073,2.06852292400622,30,0.69
"246",0.836731530418276,0.836729420883877,1.84880768007979,396642.752445673,0,3,-314768.920640989,629545.841281978,629585.640683897,529089.544101787,154791,693,0.495,0.0125,1.84878976449549,31,0.69
"247",0.907602090783814,0.907601108386463,2.46095462630497,923864.554616799,0,3,-436317.362714665,872642.725429331,872683.304558039,1139231.98632457,188107,693,0.495,0.0087,2.46093500243247,32,0.69
"248",0.905430761441523,0.905430229063488,2.85913073770991,1700728.99470998,0,3,-877332.07274621,1754672.14549242,1754715.26807083,2904208.46858167,355271,693,0.495,0.0168,2.85911866616749,33,0.69
"249",0.886320943323051,0.886319539695955,1.71033640624664,631450.437201047,0,3,-316775.134004591,633558.268009183,633598.248971171,473829.170587218,161979,693,0.495,0.0117,1.7103205679653,34,0.69
"250",0.914060889706445,0.914055544237122,1.05520461401498,170997.312790572,0,3,-47355.2529312174,94718.5058624347,94752.0194041762,35802.0892217578,32154,693,0.495,0.0177,1.05515539164229,35,0.69
"251",0.822021425265258,0.822016395845979,2.34690279605516,163442.612291557,0,3,-160808.595531285,321625.191062571,321661.860276558,389825.35475816,70775,693,0.495,0.0185,2.34685305755593,36,0.69
"252",0.866053261790526,0.866051543224711,2.1072990567817,503939.537308129,0,3,-337387.512723864,674783.025447729,674822.852943068,692226.6493961,155882,693,0.495,0.0138,2.1072787792451,37,0.69
"253",0.877346763241007,0.877345561924277,2.18619027785734,730320.940132674,0,3,-449465.109336932,898938.218673864,898979.126114192,975949.624653916,204198,693,0.495,0.0234,2.18617421869278,38,0.69
"254",0.92290543773734,0.922904073980069,2.10355140960421,676737.318035191,0,3,-244508.979203207,489025.958406413,489064.501279028,500291.269780844,113062,693,0.495,-0.0136,2.1035235022231,39,0.69
"255",0.877389043289126,0.877386876711576,2.04443710150944,404965.445746454,0,3,-241546.465649618,483100.931299235,483139.478485624,473077.775052613,113184,693,0.495,0.0179,2.0444100076208,40,0.69
"256",0.935537566280162,0.935536331225679,2.03300695818384,757486.879050301,0,3,-222189.992692446,444387.985384891,444426.208979867,431447.84787979,104388,693,0.495,0.0166,2.03297774558556,41,0.69
"257",0.864603345355715,0.864601098872699,2.08811537447459,384869.744848317,0,3,-259794.98395106,519597.96790212,519636.766982562,525585.980221117,120541,693,0.495,0.0167,2.08808939066328,42,0.69
"258",0.941295983267055,0.941293836828666,1.248736700737,438538.551995111,0,3,-89768.3621942612,179544.724388522,179580.363010726,85294.5217795363,54699,693,0.495,0.0098,1.24870245828274,43,0.69
"259",0.89847068251932,0.898467819917855,2.51696635815632,313865.095550533,0,3,-166134.791132247,332277.582264493,332314.260510633,449381.712237313,70935,693,0.495,0.0136,2.51691313577263,1,0.72
"260",0.956613978713654,0.956612334774458,1.05490699654342,581903.504186188,0,3,-77720.1387426517,155448.277485303,155483.773490435,58738.4410384971,52783,693,0.495,0.0111,1.0548770192203,2,0.72
"261",0.812193438440718,0.812188775451306,1.98755202999325,174178.700973196,0,3,-169634.624758631,339277.249517262,339314.436299101,318209.646170128,80552,693,0.495,0.004,1.9875150198039,3,0.72
"262",0.93965042849412,0.939649288790776,1.7992216088056,824469.308531429,0,3,-212478.9372536,424965.874507199,425004.155773717,342832.259098691,105904,693,0.495,0.0186,1.79919612558423,4,0.72
"263",0.919818852812946,0.919816012279877,1.26863821781679,323819.096865821,0,3,-93542.7771669392,187093.554333878,187129.31934299,90861.1004836056,56455,693,0.495,-0.0109,1.26860451165279,5,0.72
"264",0.965592571301856,0.965592003358494,1.53447025849445,1700156.4535408,0,3,-223810.790061905,447629.580123809,447668.399856974,285294.984709431,121165,693,0.495,0.0195,1.53445126239288,6,0.72
"265",0.958513471200373,0.958512501050271,1.27605072600543,988005.329800205,0,3,-142208.292812077,284424.585624154,284462.012067269,139262.452373323,85526,693,0.495,0.0188,1.27602834654497,7,0.72
"266",0.917518424046653,0.917517768212994,2.55113800151738,1399010.87951955,0,3,-592483.675807511,1184975.35161502,1185017.09296472,1637046.99911399,251532,693,0.495,0.0176,2.55112278805439,8,0.72
"267",0.893712118030049,0.893710868040258,3.10724716674055,714975.533426261,0,3,-434119.294952398,868246.589904796,868286.765648779,1641946.05145414,170062,693,0.495,0.017,3.10721976021184,9,0.72
"268",0.914904840414007,0.914903520433868,2.7205532254038,693120.156703697,0,3,-311996.872437703,624001.744875406,624040.813192174,954293.377890648,128934,693,0.495,-0.0183,2.72052157542299,10,0.72
"269",0.952637404454013,0.952636163799783,1.81321029001085,767850.849694733,0,3,-153778.315300224,307564.630600449,307601.603143247,251021.59201698,76351,693,0.495,0.0249,1.81317466853521,11,0.72
"270",0.902386876133711,0.902385511478235,2.21544358149363,661256.186666286,0,3,-316793.730859728,633595.461719456,633634.945852983,702160.790803234,143059,693,0.495,0.0174,2.21542035252441,12,0.72
"271",0.935217757169922,0.935217095924206,2.13743350944818,1414327.13143728,0,3,-426869.015140997,853746.030281994,853786.772598313,895175.796112702,195940,693,0.495,0.013,2.1374171467175,13,0.72
"272",0.893969302588588,0.89396727871576,2.21840116268354,441712.191903163,0,3,-232168.841220833,464345.682441666,464383.921028962,515654.203634456,104780,693,0.495,0.0172,2.21836940537976,14,0.72
"273",0.949185703099973,0.949184193644861,1.50387893062375,628826.717252892,0,3,-123011.311652585,246030.62330517,246067.092809304,152272.494947117,67328,693,0.495,0.0109,1.50384542683614,15,0.72
"274",0.913248852043597,0.913246053619469,1.84106629563649,326343.974463359,0,3,-125820.161433401,251648.322866801,251684.462619001,210150.556505577,62000,693,0.495,0.0119,1.84102175532636,16,0.72
"275",0.911861951804867,0.911860497429628,1.50390187510083,626978.463159681,0,3,-221443.872486992,442895.744973983,442934.56599441,274129.613895132,121204,693,0.495,-0.0059,1.50388326341362,17,0.72
"276",0.881414481252777,0.88141317094451,2.78334311463045,672677.18879213,0,3,-442124.622997979,884257.245995958,884297.671159892,1402237.78776627,181004,693,0.495,0.0167,2.78332004904751,18,0.72
"277",0.876195145124094,0.876193876846141,3.55710657456726,690854.195255407,0,3,-524770.608672754,1049549.21734551,1049589.94520296,2470284.55132537,195233,693,0.495,0.021,3.55707924517945,19,0.72
"278",0.739921880953259,0.739917891627344,5.27208485053865,185475.415320337,0,3,-401777.60733748,803563.21467496,803602.327815914,3624090.84531208,130387,693,0.495,-0.0244,5.27202420039091,20,0.72
"279",0.932686931210769,0.932684115353467,1.48512045468998,331226.632385542,0,3,-86752.0527061422,173512.105412284,173547.205623677,105448.911991713,47810,693,0.495,0.0171,1.48507386243208,21,0.72
"280",0.779843233142158,0.779838744818437,2.53053054890034,173749.32860254,0,3,-230286.990240408,460581.980480816,460619.955655267,628204.481829558,98102,693,0.495,-0.0128,2.53049185744891,22,0.72
"281",0.870603850378645,0.870602465596191,2.92822976452362,628693.588821675,0,3,-465968.203388586,931944.406777171,931984.959793508,1602433.80661067,186883,693,0.495,-0.0283,2.92820626162734,23,0.72
"282",0.933713942382181,0.933712481484132,1.49049197311883,639136.963144553,0,3,-164986.063938508,329980.127877016,330017.791332024,201600.479016333,90747,693,0.495,0.0217,1.49046733668426,24,0.72
"283",0.911861916670159,0.911860720937077,3.0708055146422,762596.544755574,0,3,-374584.963566615,749177.927133229,749217.5314055,1390157.40216746,147421,693,0.495,0.0311,3.07077426985366,25,0.72
"284",0.828306220166067,0.828305010829255,2.68247573261014,684925.995935849,0,3,-683090.961782664,1366189.92356533,1366232.14977911,2043190.62908505,283947,693,0.495,0.0078,2.68246156207228,26,0.72
"285",0.689219712204237,0.689211933070364,3.44981576660409,88598.51539397,0,3,-212324.152020123,424656.304040246,424693.458365018,950920.084227287,79901,693,0.495,0.0139,3.44975100423647,27,0.72
"286",0.908798605381584,0.908797342458007,2.3032573135627,719599.049585981,0,3,-325441.763911768,650891.527823535,650931.050079885,766195.014891443,144429,693,0.495,0.0132,2.30323339293631,28,0.72
"287",0.950427311817159,0.950426471488162,1.56411992779685,1131018.10763058,0,3,-220193.13717952,440394.274359041,440432.987677952,288644.451988308,117984,693,0.495,0.0202,1.56410004259928,29,0.72
"288",0.84531971411252,0.845317482089867,2.04895825144632,378723.626684196,0,3,-296094.070829174,592196.141658347,592235.499163248,581878.864611071,138601,693,0.495,0.0073,2.04893607709343,30,0.72
"289",0.834096169675857,0.834093939995446,1.83528919141003,374087.768653764,0,3,-301522.665624228,603053.331248455,603092.973139024,501248.174726469,148814,693,0.495,0.0124,1.83527069253113,31,0.72
"290",0.908622644635733,0.908621631768293,2.44543609751986,897079.527996875,0,3,-417376.199200629,834760.398401259,834800.810926952,1079017.79555672,180433,693,0.495,0.0087,2.44541576804352,32,0.72
"291",0.908129168473062,0.908128626004598,2.82232620483628,1674068.13488997,0,3,-832056.801499588,1664121.60299918,1664164.53468009,2698034.90479633,338714,693,0.495,0.0168,2.82231370620562,33,0.72
"292",0.888126788432763,0.88812536136932,1.68731666501061,622345.693638674,0,3,-304498.856091118,609005.712182236,609045.562858185,446381.319943593,156788,693,0.495,0.0117,1.68730052258467,34,0.72
"293",0.910302548092643,0.910296778654686,1.03301370489408,157780.108735011,0,3,-45133.2762700759,90274.5525401519,90307.9320066738,33180.9457770316,31094,693,0.495,0.0176,1.0329638750735,35,0.72
"294",0.819458766433549,0.81945338645758,2.33804062301831,152316.436199908,0,3,-152241.290598882,304490.581197764,304527.038087533,366885.181315984,67116,693,0.495,0.0185,2.33798837104608,36,0.72
"295",0.868589598348402,0.868587834320163,2.07918459886333,492389.849060156,0,3,-320467.527882097,640943.055764194,640982.702355763,644080.727731859,148989,693,0.495,0.0138,2.07916366624548,37,0.72
"296",0.87978220164893,0.879780967417969,2.15016112793043,712818.126455469,0,3,-425555.120630261,851118.241260522,851158.960360004,900625.711414337,194806,693,0.495,0.0234,2.15014457194939,38,0.72
"297",0.92383315033645,0.923831734477323,2.07651123779889,652489.455169204,0,3,-231285.545871747,462579.091743494,462617.436224146,463921.51677758,107591,693,0.495,-0.0136,2.07648228833545,39,0.72
"298",0.877340588701603,0.877338326885627,2.02481499418154,387892.117628353,0,3,-230421.251225011,460850.502450022,460888.879144421,444676.624877203,108461,693,0.495,0.0179,2.02478699186286,40,0.72
"299",0.935109172810913,0.935107864633605,2.00488755202406,714818.371369335,0,3,-209782.789423219,419573.578846437,419611.598863134,398773.906941866,99208,693,0.495,0.0166,2.00485723931617,41,0.72
"300",0.86325841503316,0.863256061031801,2.07707341690031,366719.590701116,0,3,-249775.848900518,499559.697801037,499598.349419432,501219.07523479,116178,693,0.495,0.0167,2.07704659986277,42,0.72
"301",0.942563627623875,0.942561410559726,1.2269465459262,425140.439913789,0,3,-84120.0729269509,168248.145853902,168283.567670945,77999.1775875657,51813,693,0.495,0.0098,1.22691102704288,43,0.72
"302",0.904449011507853,0.904445935568228,2.41001802259248,294039.910385531,0,3,-142811.124049077,285630.248098154,285666.396099507,360851.033810935,62128,693,0.495,0.0135,2.40995983793952,1,0.75
"303",0.955053191213376,0.955051272459532,0.998845301432881,497746.594433,0,3,-66425.8946969563,132859.789393913,132894.808475192,46741.8672107143,46850,693,0.495,0.011,0.998813322862961,2,0.75
"304",0.812489691389777,0.812484500433764,1.94602414119627,156520.241978991,0,3,-150615.850661263,301239.701322526,301276.452762222,273592.534424285,72245,693,0.495,0.004,1.94598373777314,3,0.75
"305",0.941285326555065,0.941284093105348,1.75298927252625,763132.30553341,0,3,-188533.210872338,377074.421744676,377112.276979666,292559.168174727,95204,693,0.495,0.0186,1.75296165371016,4,0.75
"306",0.916999954048436,0.916996680401439,1.22564821799286,280115.710399867,0,3,-82272.4520639298,164552.90412786,164588.239720374,76174.244909876,50708,693,0.495,-0.0108,1.2256119635408,5,0.75
"307",0.968839868377226,0.968839308481953,1.452679324156,1730394.79638541,0,3,-199504.777487274,399017.554974548,399056.03527207,234888.626396347,111307,693,0.495,0.0194,1.45265974789449,6,0.75
"308",0.95975135893601,0.959750314140925,1.22712486186998,918602.48254123,0,3,-125096.216067814,250200.432135627,250237.440923075,116018.59627932,77046,693,0.495,0.0188,1.22710097181027,7,0.75
"309",0.920501112257672,0.920500422381741,2.49234733247415,1334299.5032395,0,3,-537506.215604465,1075020.43120893,1075061.82281699,1431651.08105069,230473,693,0.495,0.0176,2.49233111155239,8,0.75
"310",0.897422068331898,0.897420731010094,3.02704938796082,671059.176276369,0,3,-387595.515007706,775199.030015412,775238.793518906,1405681.79898739,153408,693,0.495,0.0171,3.0270197903682,9,0.75
"311",0.916310010731426,0.916308582562427,2.68499483842684,641597.745956682,0,3,-282058.865321672,564125.730643344,564164.417260227,844910.712297508,117199,693,0.495,-0.0184,2.68496047452494,10,0.75
"312",0.953684867361331,0.95368353147634,1.76812027776849,713897.43411448,0,3,-137911.70867356,275831.41734712,275868.004629054,216774.127616935,69340,693,0.495,0.0249,1.76808203008519,11,0.75
"313",0.905068363187178,0.90506690065291,2.16166262056483,618835.66278278,0,3,-284282.627656342,568573.255312684,568612.350960114,606611.640147239,129818,693,0.495,0.0174,2.1616376437686,12,0.75
"314",0.937627354463186,0.93762664840306,2.09486976217515,1327970.97434381,0,3,-381352.056439001,762712.112878002,762752.441282505,775347.749383016,176678,693,0.495,0.013,2.09485197691254,13,0.75
"315",0.90052218771843,0.900520044608346,2.10197233257099,420194.088407433,0,3,-200697.047815805,401402.09563161,401439.850076881,410171.737412799,92835,693,0.495,0.0169,2.10193837035756,14,0.75
"316",0.949744516936906,0.949742809454257,1.45224390511893,556224.988617678,0,3,-105492.806010815,210993.61202163,211029.544233343,124147.012568757,58865,693,0.495,0.0109,1.4522069004031,15,0.75
"317",0.917328024741543,0.9173250030498,1.77982868746139,303580.941600267,0,3,-109193.824031494,218395.648062988,218431.288147394,173338.309585044,54719,693,0.495,0.012,1.77977989941229,16,0.75
"318",0.911674767783368,0.911673160028445,1.48686267169285,567048.344632416,0,3,-199491.933158373,398991.866316747,399030.294784096,242905.110655933,109874,693,0.495,-0.0059,1.48684237345727,17,0.75
"319",0.883386322247604,0.8833849090825,2.75158409273672,625111.8995963,0,3,-401234.633435209,802477.266870418,802517.322691482,1249545.75558705,165039,693,0.495,0.0168,2.75155908458792,18,0.75
"320",0.877681612134178,0.877680241128463,3.52326405134119,640173.562108129,0,3,-477916.38099069,955840.761981381,955881.129989721,2214995.58228912,178436,693,0.495,0.021,3.52323443383442,19,0.75
"321",0.755576851815157,0.755572692022987,5.08635526235381,181638.125427491,0,3,-357905.66571561,715819.331431219,715858.028886463,3040283.46511527,117517,693,0.495,-0.0247,5.08629034079506,20,0.75
"322",0.934924266619,0.934921218218326,1.40530143242653,306693.367015917,0,3,-75112.4097520656,150232.819504131,150267.46713357,84317.1649917686,42695,693,0.495,0.0174,1.40525206268611,21,0.75
"323",0.780730502913736,0.780725610252698,2.50794462449382,159571.753862402,0,3,-209601.170073621,419210.340147242,419247.954151833,563766.120221324,89632,693,0.495,-0.0128,2.5079026548568,22,0.75
"324",0.8731581767476,0.873156607961793,2.89691920394189,556582.149589418,0,3,-401457.540591898,802923.081183796,802963.055423342,1357067.92433897,161707,693,0.495,-0.0282,2.89689233238812,23,0.75
"325",0.935700481242415,0.935698916110819,1.43523212533711,597841.410999778,0,3,-146279.325104724,292566.650209449,292603.916294292,169250.964852017,82165,693,0.495,0.0216,1.43520592453097,24,0.75
"326",0.914836715006032,0.914835439371348,3.00191270528194,717161.994786854,0,3,-336242.095859164,672492.191718328,672531.399924306,1203239.82937025,133523,693,0.495,0.0311,3.00187898230402,25,0.75
"327",0.835109046392932,0.835107781256275,2.61912878964112,660093.944671286,0,3,-620861.927221476,1241731.85444295,1241773.73851572,1788146.4903766,260669,693,0.495,0.0079,2.61911371819314,26,0.75
"328",0.690848880350783,0.690840305919508,3.36755404109318,80570.810836171,0,3,-189881.058253098,379770.116506196,379806.860464645,817757.702041344,72110,693,0.495,0.0138,3.36748399292436,27,0.75
"329",0.909648128291754,0.909646744097868,2.26371358600407,657168.144981517,0,3,-291903.378862849,583814.757725698,583853.875802634,668980.066691028,130548,693,0.495,0.0132,2.2636875763229,28,0.75
"330",0.952535461348471,0.952534574798817,1.4949352887138,1074429.90590961,0,3,-194993.477270012,389994.954540024,390033.279866014,239299.054393118,107077,693,0.495,0.02,1.49491434718747,29,0.75
"331",0.847012315442277,0.847009888260659,2.0062648802532,348969.483452104,0,3,-266652.859354694,533313.718709388,533352.696921091,507412.001110632,126062,693,0.495,-0.0073,2.00624100832027,30,0.75
"332",0.828624497460073,0.828621990412528,1.80735493189222,330518.062649766,0,3,-274911.457162117,549830.914324235,549870.217026992,446583.901850208,136715,693,0.495,0.0123,1.80733510240912,31,0.75
"333",0.910382576923445,0.910381484620816,2.41832373295709,833452.701140387,0,3,-377740.443606543,755488.887213086,755528.919943186,959640.004872187,164089,693,0.495,0.0088,2.41830162644258,32,0.75
"334",0.91300219672553,0.913001620457106,2.75988651077476,1584334.9365881,0,3,-734954.268077543,1469916.53615509,1469959.00806299,2299830.90953076,301935,693,0.495,0.0168,2.75987279988031,33,0.75
"335",0.890757902556864,0.890756405187252,1.64767836281818,594881.781474089,0,3,-279908.087501387,559824.175002775,559863.738120932,396128.315874799,145912,693,0.495,0.0117,1.64766142466756,34,0.75
"336",0.900530323536923,0.900523451473884,0.986262004924314,131042.209359892,0,3,-40679.1085274016,81366.2170548032,81399.3106330641,28159.0611785023,28949,693,0.495,0.0173,0.98621090547236,35,0.75
"337",0.815515725071461,0.815509571698494,2.31224485996874,132531.496046686,0,3,-135348.942655816,270705.885311633,270741.891376983,320585.411448,59962,693,0.495,0.0184,2.31218701938389,36,0.75
"338",0.875332695435281,0.875330842445424,2.01235428759832,472389.361603769,0,3,-285031.511654138,570071.023308276,570110.262399904,544902.010297836,134558,693,0.495,0.0139,2.01233185503424,37,0.75
"339",0.883894550600229,0.883893209054122,2.082865946536,658862.595784403,0,3,-372617.222283411,745242.444566822,745282.690950245,750930.311775114,173092,693,0.495,0.0234,2.0828478968381,38,0.75
"340",0.926626443024792,0.92662492629011,2.01383604034728,610935.092364592,0,3,-205020.401578108,410048.803156217,410086.722905373,392381.180119802,96752,693,0.495,-0.0137,2.01380481945455,39,0.75
"341",0.877477033413805,0.877474553693777,1.98557240801614,353861.332523933,0,3,-208005.673756249,416019.347512497,416057.351855098,389597.63135828,98820,693,0.495,0.0178,1.98554226947333,40,0.75
"342",0.934119559184368,0.934118075557731,1.94847437031278,629619.026710275,0,3,-185261.105795214,370530.211590428,370567.788743687,337171.816136518,88810,693,0.495,0.0165,1.94844146143415,41,0.75
"343",0.86116044260176,0.861157858290141,2.05682916427865,333226.239591306,0,3,-229954.824501733,459917.649003465,459955.9881643,454563.729282453,107448,693,0.495,0.0167,2.05680045104861,42,0.75
"344",0.946099790883278,0.946097450905891,1.17246804318913,404320.057198811,0,3,-72702.3964642861,145412.792928572,145447.744771249,63330.1933763374,46069,693,0.495,0.0099,1.17242986966301,43,0.75
"345",0.90868168240274,0.908678409872589,2.33210158202076,277669.46078043,0,3,-126452.214991952,252912.429983904,252948.14896062,303528.284898696,55809,693,0.495,0.0135,2.33203890375476,1,0.78
"346",0.953877810220922,0.95387564160188,0.959637801861773,439854.945416777,0,3,-58606.1468300681,117220.293660136,117254.926366461,39171.6027769765,42536,693,0.495,0.0109,0.959603962747487,2,0.78
"347",0.812196158951338,0.812190463783911,1.91458213149146,142611.463045846,0,3,-136422.323238554,272852.646477109,272889.03338899,241755.282735506,65952,693,0.495,0.004,1.91453858807769,3,0.78
"348",0.941903799071773,0.941902463925933,1.72532483025466,705468.849153209,0,3,-170954.253218305,341916.506436611,341954.002423312,259054.277370733,87026,693,0.495,0.0186,1.72529509293091,4,0.78
"349",0.914991135508312,0.914987471412086,1.1944733300286,249718.096651393,0,3,-74089.1631822121,148186.326364424,148221.30692819,66203.3940438785,46401,693,0.495,-0.0107,1.19443471829353,5,0.78
"350",0.971152814732986,0.971152258057823,1.39187781044025,1744559.26878301,0,3,-181333.245501849,362674.491003698,362712.685872615,200786.180018107,103641,693,0.495,0.0194,1.39185766617889,6,0.78
"351",0.960575838048976,0.960574721802194,1.1959782563035,860540.746009472,0,3,-112874.368468781,225756.736937561,225793.398344902,101036.621129898,70637,693,0.495,0.0188,1.19595286011959,7,0.78
"352",0.922138555211728,0.922137825399804,2.45373361387164,1263529.03298158,0,3,-494296.844626464,988601.689252928,988642.772516261,1284684.02442498,213374,693,0.495,0.0176,2.45371636452725,8,0.78
"353",0.900215489743435,0.900214067349219,2.96496492733259,632887.479047094,0,3,-351582.810671676,703173.621343352,703213.027724493,1233423.64303492,140305,693,0.495,0.0172,2.96493322941683,9,0.78
"354",0.917497230692087,0.917495705292366,2.64879991642996,601479.873166544,0,3,-258866.165452544,517740.330905088,517778.696927348,758950.003957703,108172,693,0.495,-0.0184,2.64876318680276,10,0.78
"355",0.954425546097187,0.954424118482612,1.73337960075553,668545.67222698,0,3,-125719.888231105,251447.77646221,251484.033629655,191835.005239616,63847,693,0.495,0.0249,1.73333887875172,11,0.78
"356",0.907329439511405,0.907327882219291,2.11502148971058,582632.783669954,0,3,-258029.941290452,516067.882580903,516106.630700988,532391.692069101,119015,693,0.495,0.0174,2.11499483363985,12,0.78
"357",0.939098459235217,0.939097703881323,2.06908604249789,1243256.26203717,0,3,-346061.215974988,692130.431949976,692170.39494375,690342.967866758,161253,693,0.495,0.0131,2.0690667958125,13,0.78
"358",0.904948627704764,0.904946347037434,2.02176416146259,396791.156677932,0,3,-176957.826380484,353923.652760968,353960.976312439,340712.002674585,83354,693,0.495,0.0168,2.02172777971266,14,0.78
"359",0.94987743981862,0.949875530023986,1.41573791108732,497371.5093129,0,3,-92732.0783971906,185472.156794381,185507.630534807,105206.43308839,52490,693,0.495,0.0109,1.41569745546069,15,0.78
"360",0.920394743116196,0.920391502717405,1.73460607584806,284037.491264779,0,3,-96782.6066062317,193573.213212463,193608.422601434,147834.231825784,49133,693,0.495,0.012,1.73455312182596,16,0.78
"361",0.910656869380359,0.910655101644647,1.47998590584861,515154.422238642,0,3,-183060.513404928,366129.026809856,366167.121677961,221405.795811649,101082,693,0.495,-0.006,1.47996394417942,17,0.78
"362",0.884917152541654,0.884915642852525,2.72178089121841,586158.52465842,0,3,-368990.834586695,737989.669173389,738029.407856044,1129430.17927974,152459,693,0.495,0.0168,2.72175411279873,18,0.78
"363",0.878675065768698,0.878673594164527,3.49317763170951,597086.555877516,0,3,-440216.305172558,880440.610345116,880480.66250483,2012011.18802521,164888,693,0.495,0.0209,3.4931458544125,19,0.78
"364",0.769219533055064,0.769215242418536,4.92098956483927,179278.652011327,0,3,-324068.637252611,648145.274505222,648183.618353819,2605026.86118912,107574,693,0.495,-0.0249,4.9209209485383,20,0.78
"365",0.936402533822244,0.936399251880549,1.33125909456752,285319.673738105,0,3,-66085.06448159,132178.12896318,132212.389436244,68685.3511083243,38756,693,0.495,0.0177,1.33120757292651,21,0.78
"366",0.780447273391727,0.780441973194337,2.49031168241295,147248.718468541,0,3,-193150.550000542,386309.100001083,386346.399149175,513788.286073521,82847,693,0.495,-0.0127,2.49026659488924,22,0.78
"367",0.874013493354794,0.874011705196132,2.88815872014202,488778.491661975,0,3,-349405.374861024,698818.749722048,698858.173370651,1175411.9232255,140912,693,0.495,-0.0282,2.88812797635223,23,0.78
"368",0.936916952557864,0.93691528693289,1.39886927649147,562501.743994674,0,3,-132909.660846491,265827.321692982,265864.262467875,148224.399887157,75747,693,0.495,0.0215,1.39884157583549,24,0.78
"369",0.917743009530783,0.91774166545133,2.93991395104576,682804.136054526,0,3,-305675.321342188,611358.642684377,611397.502948332,1057906.06734731,122399,693,0.495,0.0311,2.93987792305645,25,0.78
"370",0.841610671115607,0.84160936377138,2.56006783654068,643755.985085508,0,3,-571601.075579104,1143210.15115821,1143251.74305092,1588067.31513061,242307,693,0.495,0.0079,2.56005198860358,26,0.78
"371",0.69180101825335,0.691791698800008,3.29781144322987,74231.9310871511,0,3,-172779.696872262,345567.393744523,345603.792102373,719320.434800887,66141,693,0.495,0.0136,3.2977366552936,27,0.78
"372",0.910696207561304,0.910694717935822,2.23234424784538,611359.176362893,0,3,-266424.08471296,532856.169425921,532894.947212727,597509.948183357,119901,693,0.495,0.0131,2.23231632102629,28,0.78
"373",0.954166850327855,0.954165920517341,1.4409524623993,1026194.9460086,0,3,-175905.219337647,351818.438675293,351856.433535183,204698.449475022,98586,693,0.495,0.0199,1.44093053860317,29,0.78
"374",0.848027351106061,0.848024733843678,1.97187584692708,324013.120216218,0,3,-243638.785990605,487285.57198121,487324.221981114,451551.511821146,116131,693,0.495,-0.0073,1.97185037778908,30,0.78
"375",0.823644866322009,0.823642099619777,1.78618926656995,297699.136816507,0,3,-254847.942935489,509703.885870978,509742.908949688,406734.144687702,127484,693,0.495,0.0121,1.78616825031212,31,0.78
"376",0.911797370584377,0.91179620197389,2.39587258226613,780240.619773656,0,3,-346093.21273571,692194.425471421,692234.124446151,866501.230343408,150953,693,0.495,0.0088,2.39584877515194,32,0.78
"377",0.916421809589353,0.916421191290855,2.71829953626461,1482167.28899835,0,3,-653965.131479093,1307938.26295819,1307980.29287856,1997649.95376795,270349,693,0.495,0.0168,2.71828445422114,33,0.78
"378",0.892458601157526,0.892457033327241,1.61908250032055,569231.637851078,0,3,-260765.198531257,521538.397062515,521577.713492622,359620.619776086,137185,693,0.495,0.0117,1.61906479733612,34,0.78
"379",0.890742212878851,0.890734187184715,0.94528242483039,110986.314427001,0,3,-37103.9223088544,74215.8446177088,74248.6929160515,24328.9271545484,27227,693,0.495,0.0171,0.945230351283072,35,0.78
"380",0.812662345414423,0.812655492015682,2.29200959848067,118578.004304819,0,3,-122923.497372543,245854.994745087,245890.631246147,287198.348334169,54670,693,0.495,0.0183,2.29194671439599,36,0.78
"381",0.878930118381126,0.878928155764708,1.9747038606209,447835.914413271,0,3,-259015.064363841,518038.128727683,518077.020792474,481099.201676352,123376,693,0.495,0.0139,1.97467985269575,37,0.78
"382",0.886970171205064,0.886968700936599,2.03314055035096,603270.893875639,0,3,-327273.380364181,654554.760728362,654594.533243214,635566.836129757,153754,693,0.495,0.0233,2.03312071563969,38,0.78
"383",0.928408625077977,0.928407009767344,1.96666313604982,574755.47176718,0,3,-185732.216653116,371472.433306233,371510.002840742,342842.459035299,88641,693,0.495,-0.0137,1.96662985664383,39,0.78
"384",0.877387326343508,0.877384640061112,1.94688619405266,326617.680940706,0,3,-190355.736729056,380719.473458113,380757.160688055,346014.917951496,91288,693,0.495,0.0176,1.94685420455442,40,0.78
"385",0.932754795211614,0.932753128209338,1.91483735518167,559540.205170728,0,3,-166892.894589902,333793.789179804,333830.98221335,295814.12396556,80678,693,0.495,0.0165,1.91480175469663,41,0.78
"386",0.859553584386227,0.859550781540091,2.03840117059675,306671.69820597,0,3,-213577.772309457,427163.544618914,427201.605111108,416409.585444128,100217,693,0.495,0.0166,2.03837066147045,42,0.78
"387",0.948716828748155,0.948714368651673,1.13392092892234,385642.122538831,0,3,-64401.4312003349,128810.86240067,128845.414946656,53606.6010527214,41692,693,0.495,0.0099,1.13388013477461,43,0.78
"388",0.911501867975605,0.911498445046056,2.28272975028256,266292.909313376,0,3,-116056.285511086,232120.571022172,232155.984802739,269448.107029071,51709,693,0.495,0.0135,2.28266353462105,1,0.81
"389",0.952448872137107,0.952446467832829,0.933985420273714,396143.233931393,0,3,-53427.2785524914,106862.557104983,106896.899197896,34504.9643108033,39555,693,0.495,0.0108,0.933950003804397,2,0.81
"390",0.810707660723876,0.810701513471602,1.89544102446991,131881.306407518,0,3,-126772.686308192,253553.372616383,253589.485570632,221259.817564722,61586,693,0.495,0.004,1.89539486044452,3,0.81
"391",0.94227637760074,0.942274957463154,1.70575579772094,663510.625116959,0,3,-158765.265369699,317538.530739399,317575.754147774,236530.343790694,81293,693,0.495,0.0187,1.7057243243729,4,0.81
"392",0.914093008674184,0.914089047910159,1.17334737432762,230787.04079444,0,3,-68489.9668786032,136987.933757206,137022.644956756,59721.7806152442,43379,693,0.495,-0.0106,1.17330680331913,5,0.81
"393",0.972511896578688,0.972511337400051,1.35598193275945,1739179.2761864,0,3,-169447.796193923,338903.592387847,338941.57627814,180772.351285689,98316,693,0.495,0.0194,1.35596124511602,6,0.81
"394",0.961259797362285,0.961258628182046,1.17345505253027,822165.620907027,0,3,-104634.762112389,209277.524224779,209313.930315835,91252.1983089046,66269,693,0.495,0.0188,1.17342849225595,7,0.81
"395",0.923794650915381,0.923793891690005,2.41866666240936,1216759.44947176,0,3,-462151.503013415,924311.006026829,924351.845249506,1174347.89634586,200745,693,0.495,0.0176,2.41864858993268,8,0.81
"396",0.902535801429603,0.902534318520533,2.91885475803744,608625.181544124,0,3,-327333.541310809,654675.082621618,654714.228240227,1119916.28680017,131450,693,0.495,0.0173,2.91882145102188,9,0.81
"397",0.91821970669067,0.918218101219497,2.62543582185356,571931.606461069,0,3,-242899.312894457,485806.625788914,485844.75199263,702229.323646209,101877,693,0.495,-0.0184,2.62539716674241,10,0.81
"398",0.954843250162974,0.954841746216334,1.70914362544005,634891.707468743,0,3,-117399.924701485,234807.849402971,234843.861400717,175419.295711493,60051,693,0.495,0.0249,1.7091009347374,11,0.81
"399",0.908919395209198,0.90891776176937,2.0839835021946,556444.981818818,0,3,-240132.025116459,480272.050232919,480310.538177425,484329.936716998,111520,693,0.495,0.0175,2.08395547213555,12,0.81
"400",0.940250479954072,0.94024968332567,2.04781927468737,1180287.41810457,0,3,-320374.820166913,640757.640333826,640797.314136111,629059.728649859,150006,693,0.495,0.0131,2.04779879762086,13,0.81
"401",0.907364759468393,0.907362346526804,1.97673941803707,376040.913596651,0,3,-161276.735879273,322561.471758545,322598.466816896,300025.567242812,76782,693,0.495,0.0167,1.97670080192599,14,0.81
"402",0.949885736707207,0.949883661496503,1.39277846956952,457729.77887996,0,3,-84536.8027883912,169081.605576782,169116.746406956,93689.9994300867,48298,693,0.495,0.0109,1.39273521580366,15,0.81
"403",0.921902839464143,0.921899401029743,1.70962648173801,268117.035870149,0,3,-88821.8916854495,177651.783370899,177686.678994685,132772.144290902,45426,693,0.495,0.012,1.70957003140758,16,0.81
"404",0.909313675832874,0.909311761609672,1.47815063561173,475030.119350657,0,3,-171475.872162755,342959.74432551,342997.580440649,207022.051322751,94750,693,0.495,-0.006,1.47812723536579,17,0.81
"405",0.886068701148029,0.886067116237424,2.70303631217091,559065.412435821,0,3,-346967.927411664,693943.854823329,693983.358787112,1050441.89068756,143770,693,0.495,0.0169,2.70300811093967,18,0.81
"406",0.87918643669921,0.879184881887127,3.47277143330657,565461.541108207,0,3,-413991.212917837,827990.425835673,828030.241098194,1874218.33875824,155406,693,0.495,0.0209,3.47273791412628,19,0.81
"407",0.779473139357137,0.779468764258226,4.79045993418203,178161.26105801,0,3,-300982.260257913,601972.520515827,602010.604606205,2313438.92826894,100810,693,0.495,-0.025,4.79038865623811,20,0.81
"408",0.936291233067804,0.936287708183056,1.28315286130848,265623.218928062,0,3,-60307.7222040582,120623.444408116,120657.426247675,59517.0047847206,36148,693,0.495,0.018,1.28309961881935,21,0.81
"409",0.779315006705137,0.779309355577951,2.48110956841086,137904.347413794,0,3,-181801.493473089,363610.986946179,363648.050234809,480794.624038992,78103,693,0.495,-0.0127,2.48106191906139,22,0.81
"410",0.874910529155564,0.874908539170425,2.884414817519,439656.815527255,0,3,-311570.376165176,623148.752330351,623187.719643948,1045963.07625601,125719,693,0.495,-0.0281,2.88438040311232,23,0.81
"411",0.93800384820882,0.938002112302683,1.37127364557604,540354.01338726,0,3,-123908.32057877,247824.64115754,247861.347106451,134312.59770858,71428,693,0.495,0.0215,1.37124484950619,24,0.81
"412",0.91975329929745,0.919751899661968,2.89672514068793,657137.741492768,0,3,-284671.47868847,569350.957376939,569389.55666669,962181.084688245,114668,693,0.495,0.0311,2.89668724866527,25,0.81
"413",0.845754031865684,0.845752686712999,2.52278225178472,628742.03130888,0,3,-537638.122687496,1075284.24537499,1075325.61720114,1459592.98496909,229336,693,0.495,0.0079,2.52276575138247,26,0.81
"414",0.692613175172461,0.692603273043934,3.24138112833354,69945.888221963,0,3,-161113.013385967,322234.026771935,322270.172003985,652299.257272869,62085,693,0.495,0.0135,3.24130281802518,27,0.81
"415",0.910937312063542,0.91093573117198,2.21454758666128,576217.454680213,0,3,-249463.8755478,498935.751095599,498974.280217989,552578.198484936,112674,693,0.495,0.0131,2.2145181055472,28,0.81
"416",0.955394797436895,0.955393836034995,1.40644753011661,993751.725691007,0,3,-163318.217416592,326644.434833185,326682.187425337,183551.359224079,92792,693,0.495,0.0199,1.40642479518104,29,0.81
"417",0.848472055672796,0.848469281248739,1.94825155622193,305819.167536255,0,3,-227848.603996902,455705.207993803,455743.613021018,414610.168486315,109232,693,0.495,-0.0073,1.94822480291576,30,0.81
"418",0.82011958472448,0.820116611985837,1.77205986864377,275880.150686042,0,3,-240965.116507049,481938.233014099,481977.047957656,380026.541468551,121020,693,0.495,0.0121,1.77203790499821,31,0.81
"419",0.912655694994608,0.91265446246695,2.381024336458,740474.819480158,0,3,-324071.229304501,648150.458609003,648189.905466587,803517.952287609,141732,693,0.495,0.0088,2.3809991376334,32,0.81
"420",0.917841045084011,0.917840380413256,2.70347665958633,1380895.78838091,0,3,-596658.315970888,1193324.63194178,1193366.30407741,1806856.16065784,247217,693,0.495,0.0168,2.70346025627231,33,0.81
"421",0.893397364303024,0.893395733669973,1.60140689048108,547883.758309052,0,3,-247098.276000899,494204.552001798,494243.676263103,335308.901776096,130750,693,0.495,0.0116,1.60138851901645,34,0.81
"422",0.887510377475747,0.887501746337673,0.924628148750899,102826.576266158,0,3,-34945.9472310135,69899.8944620269,69932.5684706186,22284.7934061139,26066,693,0.495,0.017,0.924574944480407,35,0.81
"423",0.81047995236541,0.810472527049617,2.28098538474187,109150.90684276,0,3,-114531.526783261,229071.053566521,229106.415809815,265592.146629002,51047,693,0.495,0.0182,2.2809183616597,36,0.81
"424",0.881660852989066,0.88165880694413,1.94676481365184,430909.818966924,0,3,-241201.645623507,482411.291247014,482449.925544585,438399.690392399,115676,693,0.495,0.0139,1.94673956995027,37,0.81
"425",0.889061500013821,0.889059909360862,1.99391980477102,558928.643029145,0,3,-294190.73611544,588389.47223088,588428.855252328,554564.699611952,139488,693,0.495,0.0233,1.99389836327452,38,0.81
"426",0.930193851159283,0.930192169549396,1.92969059885489,553156.744694613,0,3,-172385.235305479,344778.470610958,344815.778247321,309153.227240209,83023,693,0.495,0.0137,1.92965573553441,39,0.81
"427",0.876874280182524,0.876871420949553,1.92506165041973,306681.648207511,0,3,-178619.060018918,357246.120037836,357283.574397199,319167.395575579,86125,693,0.495,0.0175,1.92502812337137,40,0.81
"428",0.931995557172894,0.931993746545664,1.88899540482677,514736.297789733,0,3,-154368.874697148,308745.749394297,308782.656762752,268040.264485067,75117,693,0.495,0.0164,1.88895768489337,41,0.81
"429",0.858882291130119,0.85887932877504,2.02625847820067,289932.256059309,0,3,-202474.464438482,404956.928876964,404994.787051834,391168.693162822,95274,693,0.495,0.0166,2.02622657740989,42,0.81
"430",0.950489515281446,0.950486956269443,1.10688175071537,371428.314657889,0,3,-58838.2424664798,117684.48493296,117718.739105752,47408.6190935322,38695,693,0.495,0.01,1.10683884527308,43,0.81
"431",0.91636164734847,0.916357802348923,2.19557423926523,238325.554031376,0,3,-95950.2668758826,191908.533751765,191943.256552198,209717.864176641,43505,693,0.495,0.0135,2.19549854242482,1,0.84
"432",0.950111759244701,0.950108806841046,0.879259399309842,321809.572932918,0,3,-43606.8160964467,87221.6321928934,87255.3448205259,26126.8161996286,33795,693,0.495,0.0107,0.879220375747286,2,0.84
"433",0.807450326983743,0.807442992875683,1.8487560648278,110095.231804634,0,3,-106777.074233247,213562.148466494,213597.623578296,179467.04002187,52508,693,0.495,0.0039,1.84870325353671,3,0.84
"434",0.942562099396427,0.94256044555535,1.67295326174151,569923.018913429,0,3,-134307.226146598,268622.452293197,268659.04649126,194402.745905385,69460,693,0.495,0.0187,1.6729171352139,4,0.84
"435",0.909547908688838,0.909543073100839,1.13738034089713,188094.583103127,0,3,-57902.8833224511,115813.766644902,115847.885845882,48396.1430651752,37411,693,0.495,-0.0105,1.13733474019385,5,0.84
"436",0.97501286519832,0.975012289935064,1.29121531406682,1694898.56075485,0,3,-145472.634517003,290953.269034007,290990.757936338,144836.211559047,86872,693,0.495,0.0194,1.29119301950921,6,0.84
"437",0.962838556474062,0.962837248801336,1.13190989880651,736299.333441703,0,3,-87692.2620911427,175392.524182285,175428.316094241,72819.4210008021,56836,693,0.495,0.0188,1.13188002693592,7,0.84
"438",0.926142729292443,0.926141875016618,2.36057963139652,1084126.11292871,0,3,-393872.194149551,787752.388299101,787792.630520795,963523.796351133,172912,693,0.495,0.0176,2.36055915379304,8,0.84
"439",0.907366386103246,0.907364739780999,2.81464543251473,551147.497103753,0,3,-276138.958067071,552285.916134142,552324.440283484,891520.10824527,112534,693,0.495,0.0175,2.81460791599762,9,0.84
"440",0.91995278085832,0.919950975288736,2.57100789717527,509508.350789741,0,3,-209546.683366318,419101.366732637,419138.937440206,586096.105877804,88667,693,0.495,-0.0183,2.57096440394796,10,0.84
"441",0.956126450387161,0.956124766924981,1.65879092471338,567952.438465866,0,3,-100342.484025699,200692.968051398,200728.413727973,143420.986501221,52123,693,0.495,0.0249,1.65874318995167,11,0.84
"442",0.911521085931517,0.9115192289059,2.02563385437968,490850.033106592,0,3,-202481.2113418,404970.4226836,405008.281572115,390997.317661858,95291,693,0.495,0.0175,2.02560196911203,12,0.84
"443",0.941382985749141,0.941382052163937,2.02108598667602,1008352.51132508,0,3,-266544.914566551,533097.829133101,533136.791830682,512943.23932889,125574,693,0.495,0.0132,2.02106184493759,13,0.84
"444",0.909689407287986,0.909686508397245,1.8940623478333,313806.034252461,0,3,-128211.446975977,256430.893951955,256467.053460777,223524.628962233,62307,693,0.495,0.0165,1.89401675117595,14,0.84
"445",0.949128322660577,0.949125767707168,1.34545599181642,371485.569591192,0,3,-68325.1180751489,136658.236150298,136692.605150837,72087.8482115756,39822,693,0.495,0.0109,1.34540531455349,15,0.84
"446",0.92421327451756,0.924209225107954,1.66482306021785,228234.079637618,0,3,-72195.8603346516,144399.720669303,144433.842007948,103745.100447036,37431,693,0.495,0.012,1.66475634854864,16,0.84
"447",0.905477220798924,0.905474892135447,1.47682197201895,388839.877330126,0,3,-146848.44438158,293704.888763161,293742.106706281,177058.196671014,81182,693,0.495,-0.006,1.47679468553225,17,0.84
"448",0.889116903611472,0.889115125641515,2.65501195391117,500074.199762934,0,3,-298782.392756549,597572.785513098,597611.721236025,879232.805538039,124730,693,0.495,0.017,2.6549800253768,18,0.84
"449",0.880461722822206,0.880459936095396,3.41326175977172,492779.152113949,0,3,-354140.968618014,708289.937236028,708329.153940678,1558899.16397921,133807,693,0.495,0.0206,3.41322349715057,19,0.84
"450",0.801918371624319,0.801913797571869,4.49805906925407,175319.015332977,0,3,-253135.235502088,506278.471004175,506315.947871153,1752360.12270649,86611,693,0.495,-0.0254,4.49798117021894,20,0.84
"451",0.935315238246121,0.935311074035752,1.19236008519662,224608.06624869,0,3,-49551.2084223589,99110.4168447179,99143.7928367274,44168.6551682483,31067,693,0.495,0.0185,1.19230251894932,21,0.84
"452",0.776147229332286,0.776140640097738,2.45721792361095,117790.196073253,0,3,-157499.811225365,315007.622450729,315044.128442672,410246.469243989,67945,693,0.495,-0.0126,2.45716367819431,22,0.84
"453",0.876913176686144,0.876910535961351,2.87624696801742,332072.91388368,0,3,-230769.980817919,461547.961635838,461585.732720659,771206.646605606,93222,693,0.495,-0.028,2.87620068853057,23,0.84
"454",0.9396909436818,0.939689000641501,1.32099008871701,483618.864828194,0,3,-105368.129031109,210744.258062217,210780.402778836,108325.284639008,62077,693,0.495,0.0214,1.3209581700786,24,0.84
"455",0.924543104567027,0.92454155809734,2.79292900455166,597841.077906665,0,3,-238704.063169635,477416.126339271,477454.080419515,761214.950293935,97586,693,0.495,0.0311,2.79288607526963,25,0.84
"456",0.853355092539694,0.853353633654936,2.45206690236109,584936.601993283,0,3,-465580.971761807,931169.943523614,931210.788560303,1208761.51821206,201037,693,0.495,0.008,2.45204860692697,26,0.84
"457",0.695732101695776,0.695720739300634,3.10696053575796,61231.1130720479,0,3,-136714.870172831,273437.740345662,273473.294576861,516996.634350454,53557,693,0.495,0.0132,3.10687352108161,27,0.84
"458",0.911919648146809,0.911917844385879,2.18105894971753,505565.694977042,0,3,-214741.524578548,429491.049157096,429529.00639219,464584.662816104,97663,693,0.495,0.0131,2.18102545173923,28,0.84
"459",0.957883937683181,0.9578828967266,1.34151626023634,920195.861217717,0,3,-138595.056228697,277198.112457394,277235.31737199,145625.363392888,80918,693,0.495,0.0198,1.34149139285901,29,0.84
"460",0.850801069217611,0.850797918569722,1.88911410132997,270040.035954169,0,3,-194638.121302815,389284.242605629,389322.077031811,337996.51023968,94710,693,0.495,-0.0073,1.88908418259029,30,0.84
"461",0.813182182872916,0.813178705445796,1.74142873155111,233845.931198112,0,3,-212064.619219746,424137.238439492,424175.577525873,325837.948912748,107446,693,0.495,0.0119,1.74140442084249,31,0.84
"462",0.914306937781403,0.914305525277802,2.35626654110417,647295.296862616,0,3,-276165.841686741,552339.683373483,552378.508714758,673650.950864234,121335,693,0.495,0.0088,2.35623741237568,32,0.84
"463",0.919882486519083,0.919881675103889,2.67582906967331,1133676.68325797,0,3,-474579.597963864,949167.195927729,949207.969477843,1413940.24752743,197476,693,0.495,0.0167,2.67580874468256,33,0.84
"464",0.894796094041944,0.894794299212874,1.56796439366933,498541.119501586,0,3,-219073.770353254,438155.540706509,438194.228381255,288211.401596494,117230,693,0.495,0.0116,1.56794433138621,34,0.84
"465",0.879968689019687,0.879958452244199,0.878336841478916,85961.5110326724,0,3,-30235.7114711766,60479.4229423532,60511.6741276933,18091.8744620824,23451,693,0.495,0.0168,0.878280665671147,35,0.84
"466",0.808268503753236,0.80825972986026,2.25505059103956,92121.9925991458,0,3,-97559.6049559318,195127.209911864,195161.951057586,222250.989713903,43705,693,0.495,0.0182,2.25497319939658,36,0.84
"467",0.887329278991777,0.887327000859623,1.89271806038968,389498.597533011,0,3,-203468.123054681,406944.246109362,406982.254295374,354351.281515629,98915,693,0.495,0.014,1.89268935885288,37,0.84
"468",0.892164159712161,0.892162178837591,1.90893106932619,450389.021672675,0,3,-224888.176767702,449784.353535404,449822.745541953,396749.728998057,108877,693,0.495,0.023,1.90890477049878,38,0.84
"469",0.933750300636568,0.933748449310611,1.8544338539957,504368.394563964,0,3,-145758.201542829,291524.403085658,291561.116978406,246123.856441761,71570,693,0.495,0.0137,1.85439498906157,39,0.84
"470",0.876021278133284,0.876017958978693,1.85996222382004,263929.037973557,0,3,-152365.070835487,304738.141670974,304775.027040816,258438.920007979,74705,693,0.495,0.0172,1.85992487880552,40,0.84
"471",0.929377906037382,0.929375684692915,1.85131588572508,418385.315696437,0,3,-129389.601236382,258787.202472764,258823.443192973,217929.353798109,63585,693,0.495,0.0163,1.85127221385959,41,0.84
"472",0.856849215409845,0.856845814467028,2.00385627197784,251944.611087405,0,3,-177968.71363999,355945.427279979,355982.790415642,338031.782047023,84183,693,0.495,0.0166,2.00382056757109,42,0.84
"473",0.955244958038216,0.955242216702803,1.04744858945379,348459.715404776,0,3,-47847.7351139066,95703.4702278132,95737.0452408625,35824.094374561,32652,693,0.495,0.01,1.04740047403588,43,0.84
