"","r.squared","adj.r.squared","sigma","statistic","p.value","df","logLik","AIC","BIC","deviance","df.residual","num.signal","adj.r.squared.original","quad.coeff","RMSE","Sample","Sample_id","threshold"
"1",0.304985521291472,0.30451828466713,4.72229734889055,652.743182795364,9.2438920850913e-236,3,-8846.83391980018,17701.6678396004,17725.6638684533,66342.7744477327,2975,2978,0.207,-0.0087,4.71991815786764,"YouToo_AT_01",1,0.81
"2",0.171678074825986,0.171060154702768,4.19558594656291,277.832147514251,2.21804312248161e-110,3,-7655.87477641686,15319.7495528337,15343.3298068261,47193.4859872248,2681,2684,0.144,-0.0079,4.19324051493647,"YouToo_AT_02",2,0.81
"3",0.377283591042126,0.376746303372619,2.721296807094,702.200352724934,3.8235700831789e-239,3,-5615.42827274649,11238.856545493,11261.8555591181,17165.8477319114,2318,2321,0.564,-0.0101,2.71953753734407,"YouToo_AT_03",3,0.81
"4",0.00205689316947066,0.00155186123281559,6.79081702578994,4.07279821370042,0.0171011992995235,3,-13186.485671384,26380.9713427681,26406.1022862889,182247.254108902,3952,3955,0.231,-9e-04,6.7882410060883,"YouToo_AT_04",4,0.81
"5",0.102739128292106,0.101704225325892,6.08488808598744,99.2741654494601,1.51543811714335e-41,3,-5599.88401234716,11207.7680246943,11229.6076837593,64202.8464749319,1734,1737,0.121,0.0052,6.07963116225363,"YouToo_AT_05",5,0.81
"6",0.677910228606763,0.677796916462033,3.88010195082925,5982.67935203105,0,3,-15781.5617908864,31571.1235817728,31597.7080376587,85588.7616810928,5685,5688,0.579,-0.0129,3.87907858223679,"YouToo_AT_06",6,0.81
"7",0.697660109998491,0.697247359295417,3.04162802991717,1690.26994939815,0,3,-3714.49302123248,7436.98604246496,7458.15266730166,13553.4490710335,1465,1468,0.537,0.0144,3.03851850990519,"YouToo_AT_112",7,0.81
"8",0.797857370878144,0.797582720566837,2.38355574754498,2904.99350640346,0,3,-3372.60805087126,6753.21610174252,6774.40175481761,8362.92953843576,1472,1475,0.662,-0.0135,2.38113055877298,"YouToo_AT_152",8,0.81
"9",0.722752265982655,0.722433590426313,3.19897696080206,2267.98777502568,0,3,-4498.5231067498,9005.04621349959,9026.89966568167,17806.2092565918,1740,1743,0.764,-0.0143,3.19622278296834,"YouToo_AT_172",9,0.81
"10",0.818158842694442,0.817880798111406,1.58504084214399,2942.5455218757,0,3,-2462.58663747037,4933.17327494074,4953.88745687579,3286.15964841402,1308,1311,0.487,-0.0131,1.58322625558213,"YouToo_AT_19",10,0.81
"11",0.93229906231248,0.932253868095066,1.21770524673246,20628.7245501704,0,3,-4844.60336892254,9697.20673784508,9721.23087456007,4442.48697948759,2996,2999,0.797,-0.0136,1.21709603869963,"YouToo_AT_21",11,0.81
"12",0.521858721941848,0.519994623391914,3.65867791907779,279.952324387698,6.39992764826619e-83,3,-1399.97246434938,2807.94492869876,2824.92935576069,6866.97907127582,513,516,0.141,-0.0102,3.64802672349597,"YouToo_AT_24",12,0.81
"13",0.0876658132159521,0.0868264993366659,8.32918994542362,104.449378688356,4.8679097082577e-44,3,-7702.25918277172,15412.5183655434,15435.2611777884,150822.13078946,2174,2177,0.107,-0.0099,8.32344897522142,"YouToo_AT_317",13,0.81
"14",0.74770405292793,0.747467931311578,4.7491729557258,3166.60568600128,0,3,-6369.08425364048,12746.168507281,12768.842751713,48199.2737223802,2137,2140,0.309,0.023,4.74584292870255,"YouToo_AT_318",14,0.81
"15",0.642733990448814,0.642558515984398,5.17709991867506,3662.83488932439,0,3,-12480.9725011816,24969.9450023633,24995.195506466,109139.224448673,4072,4075,0.15,-0.0224,5.17519388685541,"YouToo_AT_319",15,0.81
"16",0.242853603756572,0.242614303378493,8.49804798219679,1014.84839140508,0,3,-22529.1043035476,45066.2086070952,45093.2214610174,456988.033844846,6328,6331,0.027,-0.0133,8.49603430625157,"YouToo_AT_320",16,0.81
"17",0.549723253455077,0.548573121279994,3.19841802862549,477.965285525112,2.17386147270221e-136,3,-2027.63068590698,4063.26137181396,4081.92919898368,8009.99438461001,783,786,0.286,0.0143,3.19230834199869,"YouToo_AT_321",17,0.81
"18",0.904962508633639,0.904773002170296,1.99848499895211,4775.3648750077,0,3,-2122.49365271237,4252.98730542473,4272.64225482737,4005.92411790971,1003,1006,0.729,-0.0131,1.99550292566852,"YouToo_AT_323",18,0.81
"19",0.0717013092898569,0.0712070075376151,7.31232808759323,145.055745735611,2.07764722141929e-61,3,-12811.0517886078,25630.1035772156,25655.0312101898,200833.853579632,3756,3759,0.124,-0.0106,7.30940957696507,"YouToo_AT_324",19,0.81
"20",0.0366145711952158,0.0358907654635819,8.00232551727352,50.5861857608679,2.74092782653306e-22,3,-9322.45663002207,18652.9132600441,18676.4650973905,170467.062827891,2662,2665,0.034,0.0072,7.99782012580222,"YouToo_AT_325",20,0.81
"21",0.549757321568715,0.549411380209951,5.75761956067366,1589.16332968396,0,3,-8258.11880647346,16524.2376129469,16547.6998999777,86289.9263631914,2603,2606,0.063,-0.0249,5.75430455057599,"YouToo_AT_326",21,0.81
"22",0.618895267913835,0.618710355380072,6.97928897275005,3346.96223840648,0,3,-13866.2774652717,27740.5549305435,27765.8542157386,200784.57615755,4122,4125,0.008,-0.0387,6.97675058787877,"YouToo_AT_327",22,0.81
"23",0.470822166261014,0.470607967583119,5.03370496202525,2198.06289603876,0,3,-15004.0083305807,30016.0166611613,30042.0403811579,125195.97527055,4941,4944,0.292,-0.0181,5.03217751396641,"YouToo_AT_328",23,0.81
"24",0.443689994425218,0.443614521625656,9.39521460145325,5878.80662964034,0,3,-53952.504518887,107913.009037774,107943.403675059,1301277.18629931,14742,14745,0.025,-0.0227,9.39425878329101,"YouToo_AT_329",24,0.81
"25",0.774017914176198,0.773610004273989,3.9262385340878,1897.52175660487,0,3,-3094.43321860121,6196.86643720243,6216.91850036099,17080.206721424,1108,1111,0.392,0.0193,3.92093399863142,"YouToo_AT_330",25,0.81
"26",0.179291771295833,0.178889463340586,8.0687941183439,445.658031260388,8.81306912214828e-176,3,-14317.3459889492,28642.6919778984,28667.9503270637,265630.189178822,4080,4083,0.077,0.0125,8.06582928483637,"YouToo_AT_331",26,0.81
"27",0.386040884468026,0.385694992008571,6.27497422351066,1116.0719868733,0,3,-11565.3189720518,23138.6379441035,23163.3401344876,139782.320345317,3550,3553,0.076,0.0166,6.27232450523212,"YouToo_AT_332",27,0.81
"28",0.714284071687559,0.713974184563576,6.61616947028099,2304.98144778179,0,3,-6109.21536092941,12226.4307218588,12248.5159937796,80718.6999592778,1844,1847,0.694,0.0169,6.61079411166552,"YouToo_AT_333",28,0.81
"29",0.231085672679319,0.229819970082906,5.60327216050295,182.575016701617,4.68658620655168e-70,3,-3825.80648622595,7659.6129724519,7680.03283424498,38146.9405691708,1215,1218,0.149,0.006,5.59636732465698,"YouToo_AT_334",29,0.81
"30",0.0826711749615611,0.0820874467878172,8.88670334058966,141.626151829088,1.28262912792731e-59,3,-11335.0935669056,22678.1871338112,22702.4026821456,248213.698756644,3143,3146,0.042,0.0056,8.88246518598541,"YouToo_AT_335",30,0.81
"31",0.114164211628979,0.113733985408304,9.18398970440419,265.358562873523,3.98367864561442e-109,3,-14984.1048911926,29976.2097823851,30001.5051869105,347335.4562555,4118,4121,0.112,0.0064,9.18064622160263,"YouToo_AT_336",31,0.81
"32",0.0993250455427613,0.0981849506637016,7.10923272717349,87.1199821761079,1.28465982435127e-36,3,-5349.5654888377,10707.1309776754,10728.5992859149,79855.0801512012,1580,1583,0.119,0.0053,7.10249305171898,"YouToo_AT_337",32,0.81
"33",0.0223974192062642,0.0210358557232646,10.2651646912762,16.4497795996415,8.64091417330192e-08,3,-5391.43100322375,10790.8620064475,10811.9488212751,151316.498415637,1436,1439,0.055,-0.0033,10.2544587978458,"YouToo_AT_338",33,0.81
"34",0.019530500221382,0.0185465870254173,8.85462661970476,19.8498203921708,2.9111794127196e-09,3,-7183.85663208309,14375.7132641662,14398.1088659937,156259.994260748,1993,1996,0.022,0.0025,8.84796983894699,"YouToo_AT_339",34,0.81
"35",0.0266331814937872,0.0261665626929692,9.67434710490458,57.0769575660089,3.50636279841423e-25,3,-15397.6374596552,30803.2749193103,30828.6223978595,390469.962232564,4172,4175,0.023,-0.0042,9.67087066695143,"YouToo_AT_340",35,0.81
"36",0.327129244642044,0.326563331475217,4.75628962856949,578.055546005223,2.57475342195016e-205,3,-7090.08471093794,14188.1694218759,14211.2705252618,53795.8080713322,2378,2381,0.219,-0.0092,4.75329228158854,"YouToo_AT_01",1,0.82
"37",0.157338877522482,0.156532503242599,4.14639968209539,195.118918655678,2.02927356964625e-78,3,-5945.08645464751,11898.172909295,11920.7583241848,35932.5973764927,2090,2093,0.124,-0.0081,4.14342699703259,"YouToo_AT_02",2,0.82
"38",0.369953583997716,0.369281175869645,2.67829271231696,550.192016653902,1.02819402736862e-188,3,-4511.02843068545,9030.05686137091,9052.20658151725,13442.6739722411,1874,1877,0.585,-0.0103,2.67615150527596,"YouToo_AT_03",3,0.82
"39",0.000809708664200007,0.000175503465002502,6.94097726787466,1.2767297796115,0.279092293590791,3,-10584.5253213203,21177.0506426406,21201.2763497107,151806.248279864,3151,3154,0.222,-6e-04,6.93767544705774,"YouToo_AT_04",4,0.82
"40",0.0900700492887954,0.0886571145827221,6.18084121690902,63.746788086981,3.99141051280569e-27,3,-4181.84550727581,8371.69101455162,8392.34370411501,49205.2040154502,1288,1291,0.141,0.0049,6.1736555823732,"YouToo_AT_05",5,0.82
"41",0.678897777373525,0.678751921265132,3.85147106467044,4654.57213177378,0,3,-12191.6361455955,24391.2722911909,24416.8351813004,65313.3506808581,4403,4406,0.579,-0.0128,3.85015962791555,"YouToo_AT_06",6,0.82
"42",0.747507224742454,0.747038778035111,2.67100532208132,1595.71454559526,6.4228533959362e-323,3,-2594.40424485782,5196.80848971564,5216.7510569862,7690.7424461725,1078,1081,0.576,0.0149,2.66729644921326,"YouToo_AT_112",7,0.82
"43",0.778785486494075,0.778346132941928,2.42980936345338,1772.57127588631,0,3,-2328.31661744422,4664.63323488844,4684.30405732778,5945.30135752478,1007,1010,0.655,-0.0131,2.42619805202467,"YouToo_AT_152",8,0.82
"44",0.719964223533924,0.71953831360774,3.23513821263298,1690.41428544364,0,3,-3416.08571330867,6840.17142661735,6860.9069094776,13762.9468201121,1315,1318,0.751,-0.0143,3.23145424308051,"YouToo_AT_172",9,0.82
"45",0.829044418977098,0.828695173663466,1.51037241237273,2373.81687489293,0,3,-1796.829182296,3601.658364592,3621.21672982542,2233.31910275143,979,982,0.478,0.013,1.50806356147528,"YouToo_AT_19",10,0.82
"46",0.942691334604124,0.942644742193233,1.12463660324605,20232.7228099524,0,3,-3782.64858469134,7573.29716938268,7596.53371097516,3111.4264238276,2460,2463,0.79,-0.0136,1.123951475797,"YouToo_AT_21",11,0.82
"47",0.540304403870928,0.537543469359643,3.50734495402874,195.69620418824,6.32866561533538e-57,3,-896.889344771258,1801.77868954252,1817.04713418237,4096.38905264143,333,336,0.091,-0.0098,3.49165205672649,"YouToo_AT_24",12,0.82
"48",0.100383778844248,0.0991122364821907,8.46907879422317,78.9464683518746,3.12985314480991e-33,3,-5039.99928088305,10087.9985617661,10109.0265725945,101491.293306206,1415,1418,0.114,-0.011,8.46011522269322,"YouToo_AT_317",13,0.82
"49",0.73364280012152,0.733263913635206,4.88411759214695,1936.31292385086,0,3,-4232.44077799932,8472.88155599864,8493.88409804623,33539.5741434105,1406,1409,0.315,0.023,4.87891526410341,"YouToo_AT_318",14,0.82
"50",0.647167209547277,0.646904293906105,5.20834105654442,2461.50136470612,0,3,-8245.43935515096,16498.8787103019,16522.4634327364,72808.3756504921,2684,2687,0.146,-0.0225,5.20543272254944,"YouToo_AT_319",15,0.82
"51",0.215142252591464,0.214776607239771,8.63059846506947,588.390503517828,1.47493643241654e-226,3,-15353.4877131613,30714.9754263226,30740.4371848674,319773.677811559,4293,4296,0.028,-0.0126,8.62758446167214,"YouToo_AT_320",16,0.82
"52",0.532381946064938,0.530492580190453,3.20315216937852,281.77811045202,1.98650366260475e-82,3,-1284.86627142571,2577.73254285143,2594.57494315952,5078.79099099617,495,498,0.298,0.0139,3.19348954655062,"YouToo_AT_321",17,0.82
"53",0.908077832096052,0.907794558851355,1.97681091718552,3205.66043245497,0,3,-1367.97261581973,2743.94523163946,2761.86540988717,2536.15013009519,649,652,0.735,-0.0131,1.97225779578366,"YouToo_AT_323",18,0.82
"54",0.062777268634428,0.0620259878878423,7.56468073103546,83.5603320326443,7.48014015396469e-36,3,-8597.6859315109,17203.3718630218,17226.6648457845,142774.864433435,2495,2498,0.103,-0.0102,7.56013692399958,"YouToo_AT_324",19,0.82
"55",0.0351775787596121,0.0340464856514757,8.12411585419557,31.1005155159769,5.41528627217916e-14,3,-6003.54090467799,12015.081809356,12036.8564640884,112598.14685154,1706,1709,0.029,-0.0073,8.1169821348153,"YouToo_AT_325",20,0.82
"56",0.534902230034261,0.534388877087279,5.81563662711363,1041.97751893487,6.23874165766289e-302,3,-5769.27091887478,11546.5418377496,11568.5572007363,61284.7924340695,1812,1815,0.084,-0.0247,5.81082832812943,"YouToo_AT_326",21,0.82
"57",0.633726516884853,0.633468668603885,6.93233853759426,2457.74962898947,0,3,-9540.50525512465,19089.0105102493,19112.822377413,136530.839301073,2841,2844,0.013,0.0397,6.92868127617506,"YouToo_AT_327",22,0.82
"58",0.465370029435751,0.465072351278421,4.89306323580353,1563.33280752012,0,3,-10807.7910374005,21623.5820748009,21648.3312718816,85999.9076438231,3592,3595,0.299,0.0176,4.89102119777798,"YouToo_AT_328",23,0.82
"59",0.442937269845759,0.44283290212114,9.359510321694,4244.00619504224,0,3,-39030.1296131692,78068.2592263384,78097.3629896547,935134.627205745,10675,10678,0.026,-0.0225,9.35819544515258,"YouToo_AT_329",24,0.82
"60",0.755166689706324,0.754448703459128,4.00094930390175,1051.78433800929,4.02570593109773e-209,3,-1920.24378732429,3848.48757464857,3866.60525000162,10917.1800166913,682,685,0.388,0.0188,3.99217848742535,"YouToo_AT_330",25,0.82
"61",0.174121056575979,0.173518225230414,7.90940952368115,288.838757070256,1.49781816954446e-114,3,-9563.31731033701,19134.634620674,19158.3018506378,171410.999696437,2740,2743,0.079,0.012,7.90508310735397,"YouToo_AT_331",26,0.82
"62",0.357140747391503,0.356600756419131,6.41088747946482,661.382811314248,3.64735309882254e-229,3,-7810.71506799704,15629.4301359941,15652.5362761068,97857.8577712481,2381,2384,0.086,-0.0159,6.40685251369461,"YouToo_AT_332",27,0.82
"63",0.722519203470032,0.722033672767442,6.78304805858942,1488.10198740556,6.42127238586951e-319,3,-3818.53443815527,7645.06887631054,7665.24500789963,52589.1339231478,1143,1146,0.697,0.0178,6.77416390538769,"YouToo_AT_333",28,0.82
"64",0.272782658750039,0.270957772071871,5.38064710863971,149.479231786535,7.46782746693837e-56,3,-2479.89492489816,4967.78984979632,4986.528296707,23074.2365562471,797,800,0.177,0.0065,5.37054891936652,"YouToo_AT_334",29,0.82
"65",0.0735567736539905,0.0727060452551419,8.95239052587067,86.4632869357054,7.33980388062757e-37,3,-7873.78272490758,15755.5654498152,15778.31560488,174556.454966128,2178,2181,0.036,0.0053,8.94623132973334,"YouToo_AT_335",30,0.82
"66",0.0885857365495524,0.0879131060968215,9.23036726660356,131.700454818666,2.59978448818388e-55,3,-9877.71875881637,19763.4375176327,19787.0607588834,230891.132465007,2710,2713,0.1,0.0058,9.22526244516052,"YouToo_AT_336",31,0.82
"67",0.110932689146206,0.10909577321469,7.23473400470192,60.3907273288483,1.92471725816694e-25,3,-3297.79267385865,6603.5853477173,6623.09865359046,50666.452082989,968,971,0.132,0.0056,7.22354914770994,"YouToo_AT_337",32,0.82
"68",0.0137571976456041,0.0115704065095633,10.5075864647934,6.29104326374383,0.00193515106921352,3,-3411.28513349296,6830.57026698592,6849.80200676072,99589.2547302293,902,905,0.055,-0.0027,10.4901561185961,"YouToo_AT_338",33,0.82
"69",0.0357284286736588,0.0342460742211971,8.74422390142071,24.1024868339185,5.26848415303956e-11,3,-4676.37905650558,9360.75811301115,9381.4508799811,99476.3485812685,1301,1304,0.043,0.0034,8.73415956978938,"YouToo_AT_339",34,0.82
"70",0.0291607163209846,0.0284932434549282,9.86107854455973,43.6882423300203,2.02212359232363e-19,3,-10794.8384726999,21597.6769453999,21621.5833270371,282873.691010289,2909,2912,0.018,0.0046,9.85599769653954,"YouToo_AT_340",35,0.82
"71",0.372491596638215,0.371809892777963,4.7698287303142,546.412626298795,5.11437052770016e-187,3,-5495.92180886197,10999.8436177239,11021.9223873404,41885.0809205331,1841,1844,0.251,-0.0101,4.76594713840833,"YouToo_AT_01",1,0.84
"72",0.144582928988357,0.143518315334329,4.05680847870402,135.807885274906,3.19854931480842e-55,3,-4537.6281257517,9083.2562515034,9104.79220933531,26447.5159178459,1607,1610,0.115,-0.0088,4.05302708113345,"YouToo_AT_02",2,0.84
"73",0.344707666448662,0.343805681130628,2.55373703062543,382.165495997418,4.36607049916876e-134,3,-3429.55709705704,6867.11419411407,6888.2479870291,9475.84530976675,1453,1456,0.615,-0.01,2.55110476361707,"YouToo_AT_03",3,0.84
"74",3.04712491120097e-05,-0.000793226880007492,7.05837815719105,0.0369932236517131,0.963683208727855,3,-8198.63604789548,16405.272095791,16428.4563276882,120964.664965666,2428,2431,0.212,1e-04,7.05402158142952,"YouToo_AT_04",4,0.84
"75",0.0855175239533982,0.083514276470273,6.22743747011988,42.6894453500024,1.89044678364816e-18,3,-2973.5771080001,5955.1542160002,5974.43428145889,35407.0324066031,913,916,0.149,0.0047,6.21723133793427,"YouToo_AT_05",5,0.84
"76",0.683662657995094,0.683468108584267,3.80665932378378,3514.08238703221,0,3,-8968.27195030934,17944.5439006187,17968.8956908372,47123.610734302,3252,3255,0.582,-0.0126,3.8049046985125,"YouToo_AT_06",6,0.84
"77",0.770220684609681,0.769616796789996,2.32499167628213,1275.43669453517,9.52377892111537e-244,3,-1727.16546123947,3462.33092247895,3480.88519363561,4113.65117032848,761,764,0.56,0.0148,2.32042241210238,"YouToo_AT_112",7,0.84
"78",0.725703703529773,0.724846527603303,2.64930444090579,846.621657375288,1.69973816346653e-180,3,-1537.34702156317,3082.69404312634,3100.55862202329,4492.040973186,640,643,0.61,-0.0126,2.64311687829475,"YouToo_AT_152",8,0.84
"79",0.720349639481146,0.719718374558982,3.26785887187339,1141.12096869131,7.08948864718699e-246,3,-2312.62982655734,4633.25965311468,4652.42004205673,9461.50682334273,886,889,0.748,-0.0145,3.2623403896832,"YouToo_AT_172",9,0.84
"80",0.863398086800781,0.862998666001952,1.34237993302597,2161.62525670654,2.11943173351809e-296,3,-1175.5905898593,2359.1811797186,2377.31051688749,1232.55697706011,684,687,0.496,-0.013,1.33944576572946,"YouToo_AT_19",10,0.84
"81",0.946792111099293,0.946736715067121,1.10686006437766,17091.3344148631,0,3,-2923.87496921678,5855.74993843357,5877.99858495847,2353.49240726122,1921,1924,0.777,-0.0137,1.1059967910907,"YouToo_AT_21",11,0.84
"82",0.542585103041382,0.53796475054685,3.13582542947806,117.433703095937,2.34811922108717e-34,3,-513.416717796961,1034.83343559392,1048.04665522616,1947.01342258393,198,201,0.021,-0.0087,3.11233576967583,"YouToo_AT_24",12,0.84
"83",0.150459085624975,0.148510597289253,8.39401600556053,77.2183660874634,1.33154122322854e-31,3,-3101.64782696632,6211.29565393265,6230.39254947808,61440.6880998007,872,875,0.15,-0.0144,8.37961390858285,"YouToo_AT_317",13,0.84
"84",0.721437059407523,0.72081107527136,5.07725112518426,1152.4845722605,9.79231917013716e-248,3,-2716.52919315094,5441.05838630188,5460.23673262539,22942.8462994845,890,893,0.332,0.023,5.06871553305942,"YouToo_AT_318",14,0.84
"85",0.678785071975746,0.678403354889562,5.04259349213653,1778.24125914989,0,3,-5118.64304699509,10245.2860939902,10267.0065505444,42794.9017806362,1683,1686,0.168,-0.0232,5.03810520153456,"YouToo_AT_319",15,0.84
"86",0.211474821154951,0.210913393473324,8.57535397385517,376.673306421448,1.19525858321741e-145,3,-10031.2394233828,20070.4788467657,20094.2454517774,206564.57843735,2809,2812,0.032,-0.0124,8.57077841782972,"YouToo_AT_320",16,0.84
"87",0.504924823581361,0.501811143226527,3.19583754073026,162.163345636115,2.83604419009389e-49,3,-826.925807283154,1661.85161456631,1676.93737905883,3247.85407258359,318,321,0.264,0.0135,3.18086866433714,"YouToo_AT_321",17,0.84
"88",0.917009793662409,0.91660297892546,1.90646075302127,2254.12137362522,3.03023459105294e-221,3,-846.875375254416,1701.75075050883,1717.82512336682,1482.91378194665,408,411,0.735,0.013,1.89949012363771,"YouToo_AT_323",18,0.84
"89",0.0526267972082004,0.0513932383503987,7.65035782933243,42.662574935403,9.29398315391255e-19,3,-5313.72891589298,10635.457831786,10656.8133843213,89898.9694722477,1536,1539,0.084,-0.0094,7.64289770290739,"YouToo_AT_324",19,0.84
"90",0.0304737037353521,0.0285911284027993,8.19278629960748,16.1872426608452,1.19726509293263e-07,3,-3636.92275355045,7281.8455071009,7301.60639697738,69135.3997715672,1030,1033,0.023,-0.007,8.18088105771685,"YouToo_AT_325",20,0.84
"91",0.492354756014142,0.491496522296499,6.09961187360647,573.683771556182,6.90129043011492e-175,3,-3825.91421830875,7659.82843661749,7680.14180293572,44013.8285052224,1183,1186,0.1,-0.0241,6.09189247139071,"YouToo_AT_326",21,0.84
"92",0.625983111022836,0.625570060896964,7.07575451425702,1515.51366726059,0,3,-6121.86004401479,12251.7200880296,12273.7332465523,90670.0728242578,1811,1814,0.02,-0.0404,7.06990113850191,"YouToo_AT_327",22,0.84
"93",0.434372688898031,0.433913016154348,4.79899621535265,944.960724487844,3.08050250108376e-305,3,-7359.31792366058,14726.6358473212,14749.8740126198,56677.7274650988,2461,2464,0.307,0.0168,4.79607385871383,"YouToo_AT_328",23,0.84
"94",0.453831062561914,0.453683469280618,9.25870297500103,3074.87616356934,0,3,-26982.3962397748,53972.7924795496,54000.4315822444,634440.221347548,7401,7404,0.027,-0.0226,9.25682703475789,"YouToo_AT_329",24,0.84
"95",0.743437797243986,0.74211531166277,4.02463275413176,562.151911372895,2.41757009262396e-115,3,-1097.74074561207,2203.48149122414,2219.35632146408,6284.69549658452,388,391,0.443,-0.0183,4.00916325644644,"YouToo_AT_330",25,0.84
"96",0.147262524679234,0.146285734902234,7.64681548019395,150.76173824378,3.99760615941437e-61,3,-6038.19416449497,12084.3883289899,12106.25552689,102095.232081282,1746,1749,0.079,-0.0108,7.64025450474296,"YouToo_AT_331",26,0.84
"97",0.350715210374939,0.349825779156274,6.31567551538357,394.31403240102,1.19596153195146e-137,3,-4770.76532947779,9549.53065895559,9570.68363655967,58236.1255347986,1460,1463,0.111,0.0159,6.309196790291,"YouToo_AT_332",27,0.84
"98",0.736248206307197,0.735472465737512,6.66853967891538,949.090759306851,1.6085827877293e-197,3,-2263.55652704152,4535.11305408304,4553.21903352132,30239.2065855028,680,683,0.706,0.0188,6.65387815950199,"YouToo_AT_333",28,0.84
"99",0.249611634010128,0.246610080546169,5.3397275215424,83.1608155601048,6.63014508471647e-32,3,-1554.8344279232,3117.66885584639,3134.55121652679,14256.3450021587,500,503,0.134,0.0063,5.32378006674981,"YouToo_AT_334",29,0.84
"100",0.0460542921528702,0.0447599289129147,9.06887013116306,35.5806552065377,8.1084186544149e-16,3,-5350.83071779994,10709.6614355999,10730.85250873,121228.253641999,1474,1477,0.02,0.0042,9.05965535811672,"YouToo_AT_335",30,0.84
"101",0.0684343769273165,0.0673757796283702,9.29786093889729,64.6462795582784,8.0879646512692e-28,3,-6431.19719561278,12870.3943912256,12892.2934799552,152152.383748767,1760,1763,0.086,0.0055,9.28994674174275,"YouToo_AT_336",31,0.84
"102",0.111417008988667,0.108266005474443,7.4011437828094,35.3592144488882,3.41063174240267e-15,3,-1937.96095786048,3883.92191572095,3901.28335293586,30894.1881217135,564,567,0.157,0.0057,7.38153806947438,"YouToo_AT_337",32,0.84
"103",0.0114627869382187,0.00777421524768962,11.054620596911,3.10764922033402,0.0455124387186295,3,-2058.4390177812,4124.8780355624,4142.03689784604,65501.6851863233,536,539,0.054,-0.0027,11.0238134196968,"YouToo_AT_338",33,0.84
"104",0.0436566321645004,0.0411981659232781,8.84881741171934,17.7576699783333,2.87599291651416e-08,3,-2809.48977288783,5626.97954577566,5645.62184637502,60918.6211378671,778,781,0.05,0.0039,8.83180589183035,"YouToo_AT_339",34,0.84
"105",0.0497952373647438,0.0488023379262534,9.97765468689676,50.151340039486,5.90286899414657e-22,3,-7128.3712269094,14264.7424538188,14286.976520791,190545.577099524,1914,1917,0.013,0.0062,9.96984438848899,"YouToo_AT_340",35,0.84
"106",0.372491596638215,0.371809892777963,4.7698287303142,546.412626298795,5.11437052770016e-187,3,-5495.92180886197,10999.8436177239,11021.9223873404,41885.0809205331,1841,1844,0.251,-0.0101,4.76594713840833,"YouToo_AT_01",1,0.85
"107",0.144582928988357,0.143518315334329,4.05680847870402,135.807885274906,3.19854931480842e-55,3,-4537.6281257517,9083.2562515034,9104.79220933531,26447.5159178459,1607,1610,0.115,-0.0088,4.05302708113345,"YouToo_AT_02",2,0.85
"108",0.344707666448662,0.343805681130628,2.55373703062543,382.165495997418,4.36607049916876e-134,3,-3429.55709705704,6867.11419411407,6888.2479870291,9475.84530976675,1453,1456,0.615,-0.01,2.55110476361707,"YouToo_AT_03",3,0.85
"109",3.04712491120097e-05,-0.000793226880007492,7.05837815719105,0.0369932236517131,0.963683208727855,3,-8198.63604789548,16405.272095791,16428.4563276882,120964.664965666,2428,2431,0.212,1e-04,7.05402158142952,"YouToo_AT_04",4,0.85
"110",0.0855175239533982,0.083514276470273,6.22743747011988,42.6894453500024,1.89044678364816e-18,3,-2973.5771080001,5955.1542160002,5974.43428145889,35407.0324066031,913,916,0.149,0.0047,6.21723133793427,"YouToo_AT_05",5,0.85
"111",0.683662657995094,0.683468108584267,3.80665932378378,3514.08238703221,0,3,-8968.27195030934,17944.5439006187,17968.8956908372,47123.610734302,3252,3255,0.582,-0.0126,3.8049046985125,"YouToo_AT_06",6,0.85
"112",0.770220684609681,0.769616796789996,2.32499167628213,1275.43669453517,9.52377892111537e-244,3,-1727.16546123947,3462.33092247895,3480.88519363561,4113.65117032848,761,764,0.56,0.0148,2.32042241210238,"YouToo_AT_112",7,0.85
"113",0.725703703529773,0.724846527603303,2.64930444090579,846.621657375288,1.69973816346653e-180,3,-1537.34702156317,3082.69404312634,3100.55862202329,4492.040973186,640,643,0.61,-0.0126,2.64311687829475,"YouToo_AT_152",8,0.85
"114",0.720349639481146,0.719718374558982,3.26785887187339,1141.12096869131,7.08948864718699e-246,3,-2312.62982655734,4633.25965311468,4652.42004205673,9461.50682334273,886,889,0.748,-0.0145,3.2623403896832,"YouToo_AT_172",9,0.85
"115",0.863398086800781,0.862998666001952,1.34237993302597,2161.62525670654,2.11943173351809e-296,3,-1175.5905898593,2359.1811797186,2377.31051688749,1232.55697706011,684,687,0.496,-0.013,1.33944576572946,"YouToo_AT_19",10,0.85
"116",0.946792111099293,0.946736715067121,1.10686006437766,17091.3344148631,0,3,-2923.87496921678,5855.74993843357,5877.99858495847,2353.49240726122,1921,1924,0.777,-0.0137,1.1059967910907,"YouToo_AT_21",11,0.85
"117",0.542585103041382,0.53796475054685,3.13582542947806,117.433703095937,2.34811922108717e-34,3,-513.416717796961,1034.83343559392,1048.04665522616,1947.01342258393,198,201,0.021,-0.0087,3.11233576967583,"YouToo_AT_24",12,0.85
"118",0.150459085624975,0.148510597289253,8.39401600556053,77.2183660874634,1.33154122322854e-31,3,-3101.64782696632,6211.29565393265,6230.39254947808,61440.6880998007,872,875,0.15,-0.0144,8.37961390858285,"YouToo_AT_317",13,0.85
"119",0.721437059407523,0.72081107527136,5.07725112518426,1152.4845722605,9.79231917013716e-248,3,-2716.52919315094,5441.05838630188,5460.23673262539,22942.8462994845,890,893,0.332,0.023,5.06871553305942,"YouToo_AT_318",14,0.85
"120",0.678785071975746,0.678403354889562,5.04259349213653,1778.24125914989,0,3,-5118.64304699509,10245.2860939902,10267.0065505444,42794.9017806362,1683,1686,0.168,-0.0232,5.03810520153456,"YouToo_AT_319",15,0.85
"121",0.211474821154951,0.210913393473324,8.57535397385517,376.673306421448,1.19525858321741e-145,3,-10031.2394233828,20070.4788467657,20094.2454517774,206564.57843735,2809,2812,0.032,-0.0124,8.57077841782972,"YouToo_AT_320",16,0.85
"122",0.504924823581361,0.501811143226527,3.19583754073026,162.163345636115,2.83604419009389e-49,3,-826.925807283154,1661.85161456631,1676.93737905883,3247.85407258359,318,321,0.264,0.0135,3.18086866433714,"YouToo_AT_321",17,0.85
"123",0.917009793662409,0.91660297892546,1.90646075302127,2254.12137362522,3.03023459105294e-221,3,-846.875375254416,1701.75075050883,1717.82512336682,1482.91378194665,408,411,0.735,0.013,1.89949012363771,"YouToo_AT_323",18,0.85
"124",0.0526267972082004,0.0513932383503987,7.65035782933243,42.662574935403,9.29398315391255e-19,3,-5313.72891589298,10635.457831786,10656.8133843213,89898.9694722477,1536,1539,0.084,-0.0094,7.64289770290739,"YouToo_AT_324",19,0.85
"125",0.0304737037353521,0.0285911284027993,8.19278629960748,16.1872426608452,1.19726509293263e-07,3,-3636.92275355045,7281.8455071009,7301.60639697738,69135.3997715672,1030,1033,0.023,-0.007,8.18088105771685,"YouToo_AT_325",20,0.85
"126",0.492354756014142,0.491496522296499,6.09961187360647,573.683771556182,6.90129043011492e-175,3,-3825.91421830875,7659.82843661749,7680.14180293572,44013.8285052224,1183,1186,0.1,-0.0241,6.09189247139071,"YouToo_AT_326",21,0.85
"127",0.625983111022836,0.625570060896964,7.07575451425702,1515.51366726059,0,3,-6121.86004401479,12251.7200880296,12273.7332465523,90670.0728242578,1811,1814,0.02,-0.0404,7.06990113850191,"YouToo_AT_327",22,0.85
"128",0.434372688898031,0.433913016154348,4.79899621535265,944.960724487844,3.08050250108376e-305,3,-7359.31792366058,14726.6358473212,14749.8740126198,56677.7274650988,2461,2464,0.307,0.0168,4.79607385871383,"YouToo_AT_328",23,0.85
"129",0.453831062561914,0.453683469280618,9.25870297500103,3074.87616356934,0,3,-26982.3962397748,53972.7924795496,54000.4315822444,634440.221347548,7401,7404,0.027,-0.0226,9.25682703475789,"YouToo_AT_329",24,0.85
"130",0.743437797243986,0.74211531166277,4.02463275413176,562.151911372895,2.41757009262396e-115,3,-1097.74074561207,2203.48149122414,2219.35632146408,6284.69549658452,388,391,0.443,-0.0183,4.00916325644644,"YouToo_AT_330",25,0.85
"131",0.147262524679234,0.146285734902234,7.64681548019395,150.76173824378,3.99760615941437e-61,3,-6038.19416449497,12084.3883289899,12106.25552689,102095.232081282,1746,1749,0.079,-0.0108,7.64025450474296,"YouToo_AT_331",26,0.85
"132",0.350715210374939,0.349825779156274,6.31567551538357,394.31403240102,1.19596153195146e-137,3,-4770.76532947779,9549.53065895559,9570.68363655967,58236.1255347986,1460,1463,0.111,0.0159,6.309196790291,"YouToo_AT_332",27,0.85
"133",0.736248206307197,0.735472465737512,6.66853967891538,949.090759306851,1.6085827877293e-197,3,-2263.55652704152,4535.11305408304,4553.21903352132,30239.2065855028,680,683,0.706,0.0188,6.65387815950199,"YouToo_AT_333",28,0.85
"134",0.249611634010128,0.246610080546169,5.3397275215424,83.1608155601048,6.63014508471647e-32,3,-1554.8344279232,3117.66885584639,3134.55121652679,14256.3450021587,500,503,0.134,0.0063,5.32378006674981,"YouToo_AT_334",29,0.85
"135",0.0460542921528702,0.0447599289129147,9.06887013116306,35.5806552065377,8.1084186544149e-16,3,-5350.83071779994,10709.6614355999,10730.85250873,121228.253641999,1474,1477,0.02,0.0042,9.05965535811672,"YouToo_AT_335",30,0.85
"136",0.0684343769273165,0.0673757796283702,9.29786093889729,64.6462795582784,8.0879646512692e-28,3,-6431.19719561278,12870.3943912256,12892.2934799552,152152.383748767,1760,1763,0.086,0.0055,9.28994674174275,"YouToo_AT_336",31,0.85
"137",0.111417008988667,0.108266005474443,7.4011437828094,35.3592144488882,3.41063174240267e-15,3,-1937.96095786048,3883.92191572095,3901.28335293586,30894.1881217135,564,567,0.157,0.0057,7.38153806947438,"YouToo_AT_337",32,0.85
"138",0.0114627869382187,0.00777421524768962,11.054620596911,3.10764922033402,0.0455124387186295,3,-2058.4390177812,4124.8780355624,4142.03689784604,65501.6851863233,536,539,0.054,-0.0027,11.0238134196968,"YouToo_AT_338",33,0.85
"139",0.0436566321645004,0.0411981659232781,8.84881741171934,17.7576699783333,2.87599291651416e-08,3,-2809.48977288783,5626.97954577566,5645.62184637502,60918.6211378671,778,781,0.05,0.0039,8.83180589183035,"YouToo_AT_339",34,0.85
"140",0.0497952373647438,0.0488023379262534,9.97765468689676,50.151340039486,5.90286899414657e-22,3,-7128.3712269094,14264.7424538188,14286.976520791,190545.577099524,1914,1917,0.013,0.0062,9.96984438848899,"YouToo_AT_340",35,0.85
"141",0.389116408968121,0.388360364919814,4.78396712737562,514.674257193846,1.13353628734675e-173,3,-4829.9324589631,9667.8649179262,9689.42317374091,36984.3278249099,1616,1619,0.266,0.0105,4.77953273699517,"YouToo_AT_01",1,0.86
"142",0.143431197633128,0.142176151768854,3.97675324534336,114.283630356505,1.28895401441103e-46,3,-3828.08336970001,7664.16673940003,7685.05115979276,21586.8831009863,1365,1368,0.118,-0.0097,3.97239037705744,"YouToo_AT_02",2,0.86
"143",0.344963443632711,0.343926993385294,2.50829988557771,332.831647725059,7.58263079024144e-117,3,-2961.4331151271,5930.86623025421,5951.44385897549,7952.5423514103,1264,1267,0.626,-0.0103,2.50532855199501,"YouToo_AT_03",3,0.86
"144",0.000917627709017446,-4.58075583797957e-05,7.09624914362805,0.952453932370998,0.385961830322283,3,-7015.65356809659,14039.3071361932,14061.8618554887,104439.903458108,2074,2077,0.204,6e-04,7.09112241269252,"YouToo_AT_04",4,0.86
"145",0.09170208710271,0.0893212275669373,6.22243885908221,38.5163785283737,1.15905128620457e-16,3,-2485.77600935027,4979.55201870054,4998.1167473795,29542.4027058774,763,766,0.16,0.0048,6.21024197275382,"YouToo_AT_05",5,0.86
"146",0.687056652037253,0.686826884527736,3.7603411447781,2990.22543909812,0,3,-7479.88246066629,14967.7649213326,14991.408750864,38517.8108904026,2724,2727,0.583,-0.0125,3.75827218113054,"YouToo_AT_06",6,0.86
"147",0.77614050293996,0.775436542257381,2.20780130733627,1102.53388029685,1.95982159400707e-207,3,-1411.2843609122,2830.56872182441,2848.40833964192,3100.10988566177,636,639,0.559,0.0146,2.20261257793666,"YouToo_AT_112",7,0.86
"148",0.690152392898956,0.688903007386452,2.74327962254877,552.393465420972,6.3788198425806e-127,3,-1210.11372033553,2428.22744067106,2445.07786505406,3732.6892113957,496,499,0.591,0.0119,2.73502085933424,"YouToo_AT_152",8,0.86
"149",0.731633658536244,0.730899414099955,3.21319701377112,996.444266208817,1.58526067089319e-209,3,-1896.77134422924,3801.54268845849,3819.93672457294,7547.30822104388,731,734,0.751,-0.0146,3.20662381149585,"YouToo_AT_172",9,0.86
"150",0.88064313742062,0.88020673207298,1.21964504825544,2017.94763099067,3.29429408210924e-253,3,-888.120017214222,1784.24003442844,1801.47970754135,813.681121922509,547,550,0.519,-0.0128,1.21631419529548,"YouToo_AT_19",10,0.86
"151",0.949822009151993,0.949763010926422,1.07484371223039,16099.1623046593,0,3,-2539.35659364019,5086.71318728039,5108.47612210994,1965.14659873176,1701,1704,0.78,0.0137,1.07389713017779,"YouToo_AT_21",11,0.86
"152",0.505028924046745,0.498723560021862,3.19745640758482,80.0951256824822,1.05807383104356e-24,3,-411.492823897455,830.985647794911,843.286343055846,1605.12521410962,157,160,0.028,-0.0081,3.16733840758848,"YouToo_AT_24",12,0.86
"153",0.149004897135891,0.146475936949073,8.38771334320063,58.9194317540436,2.6330311266535e-24,3,-2395.3942361337,4798.78847226739,4816.85324457156,47348.063740946,673,676,0.15,-0.0149,8.36908085811599,"YouToo_AT_317",13,0.86
"154",0.716441455865059,0.715615957919979,5.23715931388305,867.8900536763,9.61126317889344e-189,3,-2120.05199016706,4248.10398033412,4266.25074672448,18842.9244854675,687,690,0.368,0.0235,5.22576178282386,"YouToo_AT_318",14,0.86
"155",0.685833025064333,0.68535227988463,5.02549408751133,1426.60405974027,0,3,-3972.33390354365,7952.66780708731,7973.37893675209,33009.05720646,1307,1310,0.17,-0.0233,5.01973640669682,"YouToo_AT_319",15,0.86
"156",0.209647529950819,0.208937738778794,8.5854622184325,295.36508513184,1.67292858417507e-114,3,-7957.38876206718,15922.7775241344,15945.6165515922,164152.529669702,2227,2230,0.033,-0.0124,8.57968530028254,"YouToo_AT_320",16,0.86
"157",0.497867984819711,0.493683551359875,3.23570322857986,118.980977854826,1.25357252860901e-36,3,-628.634574802336,1265.26914960467,1279.24139537803,2512.74609202611,240,243,0.208,0.0136,3.21566772183116,"YouToo_AT_321",17,0.86
"158",0.920848496376497,0.920341114943013,1.89278319136017,1814.90380925723,1.44421029888913e-172,3,-646.443674602404,1300.88734920481,1315.89763976011,1117.78000136263,312,315,0.741,0.0131,1.88374837513765,"YouToo_AT_323",18,0.86
"159",0.051014308024943,0.0493962591042695,7.72541270425569,31.5282853151968,4.60037520353896e-14,3,-4071.51972764983,8151.03945529965,8171.31895181349,70006.9877021112,1173,1176,0.077,-0.0093,7.71555256915365,"YouToo_AT_324",19,0.86
"160",0.0377638207874929,0.0352902059309056,8.03224261635476,15.2666534512942,3.1374316998982e-07,3,-2733.87330947669,5475.74661895338,5494.38891955273,50194.1648865328,778,781,0.025,-0.0077,8.01680093091098,"YouToo_AT_325",20,0.86
"161",0.478601802695621,0.477491263404238,6.23551117438781,430.963412469218,1.62589361477802e-133,3,-3059.24315259179,6126.48630518357,6145.87832628188,36509.8220299544,939,942,0.11,-0.0243,6.225574098473,"YouToo_AT_326",21,0.86
"162",0.659228756362255,0.658740195439476,6.80931737885618,1349.32763884112,0,3,-4663.94650183506,9335.89300367012,9356.86419536129,64681.69041656,1395,1398,0.024,0.042,6.80200732051822,"YouToo_AT_327",22,0.86
"163",0.439917522913898,0.439355473263033,4.69587821991272,782.702243898815,1.35863707198455e-251,3,-5917.88374221791,11843.7674844358,11866.1630862633,43948.1856067077,1993,1996,0.325,0.0167,4.69234792630265,"YouToo_AT_328",23,0.86
"164",0.460202379129197,0.460022895298483,9.24701574937064,2564.03252203722,0,3,-21923.5144013097,43855.0288026194,43881.8388436482,514326.411118689,6015,6018,0.026,-0.0229,9.24471062263674,"YouToo_AT_329",24,0.86
"165",0.741863934772717,0.740143027671201,4.02022607322337,431.088891503511,5.98829065474252e-89,3,-850.006356302247,1708.01271260449,1722.86764382653,4848.66530394749,300,303,0.453,0.0178,4.00027445590912,"YouToo_AT_330",25,0.86
"166",0.125053786215779,0.123733112685539,7.58707125185517,94.6894015457567,3.65298964164292e-39,3,-4573.96849530213,9155.93699060426,9176.70270792441,76271.8364894635,1325,1328,0.077,-0.0099,7.57849667245127,"YouToo_AT_331",26,0.86
"167",0.35832270161692,0.357166526304519,6.39255460234097,309.920734142392,1.15015015482749e-107,3,-3642.54067060994,7293.08134121988,7313.14059862498,45359.8773217409,1110,1113,0.125,0.0164,6.38393348634508,"YouToo_AT_332",27,0.86
"168",0.731868793281077,0.730825481192677,6.71609899274583,701.485970897855,1.21694855597173e-147,3,-1716.71721934046,3441.43443868093,3458.42661017896,23184.4766397058,514,517,0.699,0.0192,6.6965848624166,"YouToo_AT_333",28,0.86
"169",0.237818047608071,0.233806563648114,5.50521370437982,59.2843072493775,3.90072722460653e-23,3,-1195.22896345303,2398.45792690606,2414.25006686279,11516.8036137387,380,383,0.122,0.0065,5.48361042796519,"YouToo_AT_334",29,0.86
"170",0.0356274481740414,0.0340093734226555,9.06751528839126,22.018419200675,4.07310097570938e-10,3,-4328.74410367184,8665.48820734368,8685.83181320114,98006.0415382094,1192,1195,0.015,0.0037,9.05612631765628,"YouToo_AT_335",30,0.86
"171",0.0646302164026798,0.063261716353525,9.20629677656397,47.2270471912625,1.46929948508277e-20,3,-4983.69027033052,9975.38054066104,9996.27080473633,115861.315762281,1367,1370,0.081,0.0055,9.19621136534594,"YouToo_AT_336",31,0.86
"172",0.128026637957388,0.123793757559123,6.97527794098877,30.2457489726998,5.54195349915378e-13,3,-1393.43849598193,2794.87699196387,2810.99010604479,20045.6549698664,412,415,0.201,0.0058,6.95002036399311,"YouToo_AT_337",32,0.86
"173",0.00807071086991389,0.00312343261988857,11.1543193969543,1.63134363220272,0.196962327592073,3,-1546.12360273404,3100.24720546807,3116.25286497992,49891.9553249176,401,404,0.056,-0.0023,11.1128276744969,"YouToo_AT_338",33,0.86
"174",0.0254915392643952,0.0222158805728471,8.8260007208876,7.7821109171623,0.000461020435262312,3,-2149.28725921329,4306.57451842659,4324.14888144239,46349.4817914395,595,598,0.047,0.003,8.80383408717555,"YouToo_AT_339",34,0.86
"175",0.0614902047177933,0.0602892964704712,9.98070204977909,51.2030830456123,2.89021273559194e-22,3,-5823.37958126924,11654.7591625385,11676.1842820447,155697.328154304,1563,1566,0.011,0.0072,9.97113740738105,"YouToo_AT_340",35,0.86
"176",0.438497916368705,0.437690580518768,4.67938634377037,543.141886245774,4.71931924203543e-175,3,-4127.673466527,8263.346933054,8284.30666341928,30458.2492669822,1391,1394,0.304,-0.0112,4.67434842412155,"YouToo_AT_01",1,0.87
"177",0.130087060357648,0.128568887688115,3.91535337348181,85.6866040130151,2.08750808487233e-35,3,-3197.13493224005,6402.2698644801,6422.45645359149,17568.1708769638,1146,1149,0.123,-0.0106,3.91023860529765,"YouToo_AT_02",2,0.87
"178",0.371993910344037,0.370852081090117,2.36753918195037,325.787685914484,7.58787671236237e-112,3,-2514.20891726891,5036.41783453782,5056.44099061483,6165.76595587726,1100,1103,0.645,-0.0107,2.36431730813025,"YouToo_AT_03",3,0.87
"179",0.00294202619783427,0.00180642486092975,7.04988226186122,2.59072097066546,0.0752524932256048,3,-5929.75780098019,11867.5156019604,11889.4056049393,87274.6748751213,1756,1759,0.197,0.0012,7.04386785815427,"YouToo_AT_04",4,0.87
"180",0.0775556855706448,0.0746365579933367,6.35944313243282,26.5681041738381,8.3385406747343e-12,3,-2074.23483206357,4156.46966412713,4174.2841641227,25559.6707153369,632,635,0.147,0.0045,6.34440304090246,"YouToo_AT_05",5,0.87
"181",0.695292389532192,0.695014625074154,3.72664713739753,2503.17263210397,0,3,-6006.08007057032,12020.1601411406,12042.9395334302,30470.0501573611,2194,2197,0.589,0.0125,3.72410190285766,"YouToo_AT_06",6,0.87
"182",0.775626704915783,0.774771949505939,2.15648744938913,907.425324230197,4.2651180262203e-171,3,-1153.45308663435,2314.90617326871,2331.98255840353,2441.48001267074,525,528,0.564,0.0146,2.15035233752815,"YouToo_AT_112",7,0.87
"183",0.664854020180342,0.663126463583334,2.7501907524995,384.852236581777,7.85956965331567e-93,3,-948.862259465133,1905.72451893027,1921.59934917021,2934.65707995191,388,391,0.557,0.0116,2.7396198328457,"YouToo_AT_152",8,0.87
"184",0.748288458190629,0.747395864070738,3.19931075578893,838.330033231323,1.13418165152887e-169,3,-1462.41853656699,2932.83707313397,2950.19851034888,5772.8723720282,564,567,0.771,-0.0148,3.19083574552183,"YouToo_AT_172",9,0.87
"185",0.895164624781067,0.894710791987911,1.11886105291463,1972.45469759221,5.46152916354488e-227,3,-710.526289965449,1429.0525799309,1445.62072955325,578.354725746904,462,465,0.552,-0.0127,1.11524598351968,"YouToo_AT_19",10,0.87
"186",0.950809917143985,0.950744242801053,1.06937922671548,14477.6464399421,0,3,-2229.00979290728,4466.01958581456,4487.27513314109,1713.07075193483,1498,1501,0.771,0.0137,1.06831002542159,"YouToo_AT_21",11,0.87
"187",0.642780070607356,0.636457593980937,2.57233777324045,101.665867442119,5.50637692544022e-26,3,-272.675686733065,553.35137346613,564.365734230555,747.712143019276,113,116,0.024,-0.0084,2.53885689560737,"YouToo_AT_24",12,0.87
"188",0.162517835781678,0.15930909185747,8.44153475171063,50.6484280517291,7.88175448840328e-21,3,-1863.34959853687,3734.69919707374,3751.75279012411,37197.4636793845,522,525,0.153,-0.017,8.41738152695102,"YouToo_AT_317",13,0.87
"189",0.71771727485075,0.716635731842515,5.31583750796072,663.604932384731,4.2520922504455e-144,3,-1620.55097905848,3249.10195811696,3266.15555116733,14750.743030564,522,525,0.37,0.0239,5.30062764128461,"YouToo_AT_318",14,0.87
"190",0.692681723698711,0.692046768582386,4.97843473548756,1090.91446921138,9.83512987813524e-249,3,-2934.85417483365,5877.7083496673,5897.22165554046,23991.6984182128,968,971,0.167,0.0232,4.97073810413606,"YouToo_AT_319",15,0.87
"191",0.218580957341898,0.217668084628512,8.41827028298515,239.442973962089,2.03561598921689e-92,3,-6085.62177850434,12179.2435570087,12201.0322304471,121324.774042253,1712,1715,0.042,-0.0126,8.41090414161568,"YouToo_AT_320",16,0.87
"192",0.557334444352834,0.552304153947752,3.01393867178731,110.79567966689,7.15590006388847e-32,3,-449.958633023473,907.917266046947,920.66680927031,1598.75343184393,176,179,0.283,0.0138,2.98857548308931,"YouToo_AT_321",17,0.87
"193",0.926478981863048,0.925804477109498,1.82732698569915,1373.56924022677,2.74697607715592e-124,3,-445.30592780245,898.6118556049,912.204506410971,727.929012960824,218,221,0.753,-0.0131,1.81488193520591,"YouToo_AT_323",18,0.87
"194",0.0570410870227553,0.0549754596120713,7.67484400192483,27.6144123222431,2.26960066204645e-12,3,-3165.00557319791,6338.01114639581,6357.29121185451,53778.6494043939,913,916,0.081,-0.0098,7.66226571868018,"YouToo_AT_324",19,0.87
"195",0.0399095673830366,0.0365049913808488,8.14780520689409,11.7223311676374,1.02807316879379e-05,3,-1992.45761724024,3992.91523448049,4010.2766716954,37442.1155448726,564,567,0.026,-0.0081,8.12622157902741,"YouToo_AT_325",20,0.87
"196",0.457386927919713,0.455918421635328,6.46768727916288,311.464058944249,7.83696960497711e-99,3,-2436.52874607847,4881.05749215693,4899.4948891296,30913.0932896325,739,742,0.114,-0.0247,6.45459919705731,"YouToo_AT_326",21,0.87
"197",0.660701453008149,0.660046436508164,6.80193454463101,1008.67909896013,6.94186098960721e-244,3,-3464.75310533732,6937.50621067465,6957.29026663905,47931.9008372246,1036,1039,0.03,0.0428,6.79210752113488,"YouToo_AT_327",22,0.87
"198",0.434389356692724,0.433653842202078,4.50730246319036,590.592520224607,4.85303865491191e-191,3,-4505.36474723456,9018.72949446911,9040.09024181039,31245.6627108208,1538,1541,0.343,0.0161,4.50291294506108,"YouToo_AT_328",23,0.87
"199",0.464234912227797,0.464011350747399,9.17076134168339,2076.54248577493,0,3,-17431.7621334998,34871.5242669995,34897.4264170641,403105.025168247,4793,4796,0.025,-0.0227,9.16789263987449,"YouToo_AT_329",24,0.87
"200",0.741742147780139,0.73951578698514,4.04053656395617,333.163496880809,6.28362200607181e-69,3,-660.089610125394,1328.17922025079,1342.01756230736,3787.61708812268,232,235,0.452,0.0177,4.0146630648071,"YouToo_AT_330",25,0.87
"201",0.0866334519092653,0.0848265942473647,7.60944508485718,47.9470263408236,1.27672938928636e-20,3,-3495.10316285926,6998.20632571851,7017.89295845512,58540.5946989511,1011,1014,0.058,-0.0086,7.59818017107916,"YouToo_AT_331",26,0.87
"202",0.412501491122254,0.411065064450181,6.03784466183925,287.171979706436,3.34016857080817e-95,3,-2639.64246105147,5287.28492210294,5306.12701454075,29820.6547552896,818,821,0.153,0.018,6.02680318110585,"YouToo_AT_332",27,0.87
"203",0.744071148847815,0.742724154894382,6.55377080943256,552.393829943849,3.48864646273869e-113,3,-1262.00309486138,2532.00618972276,2547.79832967948,16321.7264925767,380,383,0.714,0.0196,6.52805283916709,"YouToo_AT_333",28,0.87
"204",0.224836499407348,0.219598908187127,5.48945686873872,42.9274622538941,4.26786491257476e-17,3,-931.90101219246,1871.80202438492,1886.60379867848,8919.70446726784,296,299,0.106,0.0063,5.46184836076085,"YouToo_AT_334",29,0.87
"205",0.0249083237848854,0.0228489960632061,9.09100897668403,12.0953666202165,6.50159879780607e-06,3,-3443.41083866177,6894.82167732354,6914.24752526192,78266.1826707997,947,950,0.01,0.0031,9.07664340177287,"YouToo_AT_335",30,0.87
"206",0.0425241237771726,0.0406757147497153,9.01748716550943,23.0057974969273,1.67579718714712e-10,3,-3757.70813949563,7523.41627899126,7543.20033495566,84242.4174722118,1036,1039,0.062,0.0046,9.0044592456331,"YouToo_AT_336",31,0.87
"207",0.188390381727262,0.182997626788573,6.8496206062617,34.9339778775579,2.27379530747143e-14,3,-1014.8046162194,2037.6092324388,2052.47734324442,14122.1080373672,301,304,0.251,0.0071,6.8157393402695,"YouToo_AT_337",32,0.87
"208",0.00899315260701881,0.00240838950141753,11.4519033935061,1.3657518824586,0.256765469165955,3,-1171.04927295563,2350.09854591126,2364.96665671688,39474.9734915933,301,304,0.073,-0.0025,11.3952571926001,"YouToo_AT_338",33,0.87
"209",0.0397582690445551,0.0353331919433779,8.8546859642309,8.98476300762727,0.000150170623381784,3,-1571.64472096866,3151.28944193732,3167.6091747177,34027.9711699141,434,437,0.06,0.0038,8.82423996246336,"YouToo_AT_339",34,0.87
"210",0.0742728079883696,0.0727651089785787,10.0882350478769,49.2623577425238,2.63375113584362e-21,3,-4590.5078482293,9189.0156964586,9209.47802496334,124976.613276129,1228,1231,0.008,-0.0081,10.0759348176805,"YouToo_AT_340",35,0.87
"211",0.568128394819097,0.567087740348782,4.34292066994902,545.93374748767,4.70089022659931e-152,3,-2403.77281421279,4815.54562842558,4834.44576299425,15654.5967547405,830,833,0.452,-0.014,4.3350932307179,"YouToo_AT_01",1,0.89
"212",0.155450030002654,0.1526627363723,3.49247738274398,55.7709558511408,5.85438530077476e-23,3,-1624.25216369438,3256.50432738877,3274.15160045961,7391.62335100079,606,609,0.161,-0.014,3.48386460173464,"YouToo_AT_02",2,0.89
"213",0.432344495300297,0.43061647245494,2.01534229934388,250.196052941089,1.6476859259075e-81,3,-1397.51678979862,2803.03357959724,2821.00253893733,2668.4742113757,657,660,0.728,-0.0119,2.01075675916025,"YouToo_AT_03",3,0.89
"214",0.00561608899664249,0.00343302881880858,7.24275399994896,2.57257635573512,0.076893119072246,3,-3105.12874225555,6218.2574845111,6237.52880679691,47788.7692939405,911,914,0.18,0.0016,7.23085787256527,"YouToo_AT_04",4,0.89
"215",0.04608608018289,0.0396839733384798,7.05597449185516,7.19858029597384,0.000884848142318026,3,-1013.70925915198,2035.41851830396,2050.24695936296,14836.4592568538,298,301,0.07,0.0036,7.02072377430766,"YouToo_AT_05",5,0.89
"216",0.71710911538343,0.716566138637525,3.51428881960777,1320.69949733857,1.96550835796549e-286,3,-2794.68346045799,5597.36692091597,5617.17400957357,12868.9353957402,1042,1045,0.598,-0.0123,3.50924076028235,"YouToo_AT_06",6,0.89
"217",0.883816904452807,0.882872326440229,1.29659767199875,935.673806380366,1.02939499206701e-115,3,-416.482756296175,840.96551259235,855.035324178208,413.566718666012,246,249,0.514,0.0145,1.28876317325216,"YouToo_AT_112",7,0.89
"218",0.817334179257175,0.815092880843153,1.6479171785249,364.669949411302,6.68450639733742e-61,3,-316.949097708188,641.898195416376,654.346146569802,442.647857446227,163,166,0.601,0.0118,1.63295846796843,"YouToo_AT_152",8,0.89
"219",0.783169727866262,0.7814690982809,2.7283591696581,460.517525160693,2.26615257294285e-85,3,-623.532053507976,1255.06410701595,1269.27594535564,1898.20565845765,255,258,0.804,-0.0151,2.71245023421475,"YouToo_AT_172",9,0.89
"220",0.913830808267298,0.913100560879732,0.947860919446594,1251.39894209565,2.35254681847761e-126,3,-324.818963913311,657.637927826623,671.543782034349,212.031916136937,236,239,0.654,-0.0119,0.941893215298233,"YouToo_AT_19",10,0.89
"221",0.953962068223231,0.953865955630795,1.00760005972625,9925.46391733231,0,3,-1369.37362732042,2746.74725464084,2766.21915227672,972.617049385201,958,961,0.751,0.0136,1.00602609355877,"YouToo_AT_21",11,0.89
"222",0.543276173837338,0.520439982529205,2.62713049911543,23.7901393672355,1.55981598088704e-07,3,-100.992826683343,209.985653366686,217.030453829461,276.0725863753,40,43,0.022,-0.0069,2.53382965220678,"YouToo_AT_24",12,0.89
"223",0.24713408999855,0.239642886913959,8.26821663764611,32.9899065888193,4.07494804759957e-13,3,-718.885766080738,1445.77153216148,1459.04401213685,13741.0446797766,201,204,0.249,-0.0309,8.20719575468794,"YouToo_AT_317",13,0.89
"224",0.570213106027134,0.565244471414731,6.13388448136137,114.762535486857,1.88972679525594e-32,3,-567.454019604662,1142.90803920932,1155.58997518948,6509.04521770865,173,176,0.327,0.0213,6.08138236458239,"YouToo_AT_318",14,0.89
"225",0.795122003864598,0.793927379980426,4.35468418726171,665.583548428777,8.34539684931123e-119,3,-998.499415041475,2004.99883008295,2020.38458518318,6504.40310918001,343,346,0.211,0.0253,4.33576439820076,"YouToo_AT_319",15,0.89
"226",0.216810040865864,0.214569154001389,8.15246216175301,96.7518906478236,8.06408847572498e-38,3,-2467.61226715063,4943.22453430126,4961.44026791736,46457.3848698714,699,702,0.031,-0.0124,8.13502372004795,"YouToo_AT_320",16,0.89
"227",0.584985953355111,0.570917680587488,2.95466127755665,41.5819314153045,5.4057068105832e-12,3,-153.606492962387,315.212985924774,323.721523464955,515.071372640468,59,62,0.164,0.0153,2.88229123867171,"YouToo_AT_321",17,0.89
"228",0.926558251893188,0.924298505797594,1.77370822421645,410.027592790043,1.39042537250787e-37,3,-133.922648452748,275.845296905495,284.7233277262,204.492656202449,65,68,0.737,-0.0132,1.73414098162568,"YouToo_AT_323",18,0.89
"229",0.0678442459810914,0.0625023791958828,7.85982088203514,12.7004750790395,4.73958794629009e-06,3,-1223.70079889839,2455.40159779677,2470.85612249917,21560.0977198888,349,352,0.086,-0.0112,7.82625565729363,"YouToo_AT_324",19,0.89
"230",0.0150413793298541,0.00543202693307221,8.20521799351318,1.56528543327138,0.211516147297156,3,-731.420513301273,1470.84102660255,1484.19117892135,13801.7484758199,205,208,0.009,-0.0052,8.14583083423067,"YouToo_AT_325",20,0.89
"231",0.419983216598809,0.416510062207185,6.57043180794959,120.922702892699,3.12301166396375e-40,3,-1111.10487911879,2230.20975823759,2245.49008995899,14418.9717637339,334,337,0.101,-0.025,6.54112118533422,"YouToo_AT_326",21,0.89
"232",0.67130191355024,0.669594391023228,6.56611117689115,393.143810948752,9.62623237361216e-94,3,-1279.22796129301,2566.45592258603,2582.29994394452,16598.8191551085,385,388,0.101,-0.0445,6.54067746796694,"YouToo_AT_327",22,0.89
"233",0.34197713337372,0.339930405950311,4.47935450292793,167.084844548562,3.66840218801966e-59,3,-1883.79420157031,3775.58840314062,3793.47160115576,12901.5485785452,643,646,0.321,0.0146,4.46894142142057,"YouToo_AT_328",23,0.89
"234",0.477600567456591,0.477096807155199,8.94239152913854,948.07106899246,3.70506887586841e-293,3,-7495.93220944991,14999.8644188998,15022.4191381953,165850.243624088,2074,2077,0.028,-0.0228,8.93593104073655,"YouToo_AT_329",24,0.89
"235",0.796366111706914,0.791517685795174,3.53426828223344,164.252507144343,9.36919477490183e-30,3,-231.759226826532,471.518453653064,481.382086127682,1049.24839242731,84,87,0.559,0.0172,3.4727980577251,"YouToo_AT_330",25,0.89
"236",0.0780572081176261,0.0734126600476899,7.36142673955656,16.8062009354325,9.85686199279082e-08,3,-1364.57126577269,2737.14253154537,2753.1083897338,21513.6696458178,397,400,0.059,-0.0078,7.33376943423669,"YouToo_AT_331",26,0.89
"237",0.495025716828608,0.491636627679806,5.37146331669796,146.064530938555,6.12519533692783e-45,3,-931.604184694961,1871.20836938992,1886.03681044892,8598.08021246428,298,301,0.157,-0.0198,5.34462819471555,"YouToo_AT_332",27,0.89
"238",0.710718967316022,0.706198951180335,6.52930762515784,157.238148267799,3.34562596458456e-35,3,-430.158924392441,868.317848784882,879.818638077687,5456.87783218487,128,131,0.691,0.0187,6.45411155550296,"YouToo_AT_333",28,0.89
"239",0.278912415768003,0.26603585176386,5.35087230587881,21.6604690256086,1.11513899301902e-08,3,-354.542872513279,717.085745026559,728.065473540012,3206.76545658793,112,115,0.209,0.0086,5.28061710539668,"YouToo_AT_334",29,0.89
"240",0.000541979560212435,-0.00418359027638227,8.94447044430157,0.114690837074368,0.891669481579789,3,-1536.34363744824,3080.68727489648,3096.90503228156,33841.5022967603,423,426,-0.003,5e-04,8.9129201856926,"YouToo_AT_335",30,0.89
"241",0.0993619995862948,0.0948247804406338,8.04126778225032,21.8993168274264,9.51104025150868e-10,3,-1399.90446204551,2807.80892409102,2823.77478227945,25670.8090557052,397,400,0.104,0.0067,8.01105627487806,"YouToo_AT_336",31,0.89
"242",0.350942387021814,0.338215767159497,6.09343567480948,27.5754592200031,2.6695967229367e-10,3,-337.223967951356,682.447935902713,693.063777303343,3787.25574895017,102,105,0.407,0.0097,6.00575577017197,"YouToo_AT_337",32,0.89
"243",0.0103440864458766,-0.00732834058187559,12.2553795235483,0.585323477620394,0.558620086936649,3,-449.843992355168,907.687984710336,918.667713223789,16821.7646538153,112,115,0.158,-0.003,12.0944704051481,"YouToo_AT_338",33,0.89
"244",0.0204163907395607,0.007527132722976,9.41979686656931,1.5839849519104,0.208523372653976,3,-566.056862717151,1140.1137254343,1152.28742590198,13487.3510971292,152,155,0.038,0.0027,9.32819212755481,"YouToo_AT_339",34,0.89
"245",0.06656889995135,0.0627433626560686,10.2977867938965,17.4011896403311,5.01271545522137e-08,3,-1840.17135647088,3688.34271294175,3705.12848945293,51749.6734720435,488,491,0.008,0.0081,10.2662789583073,"YouToo_AT_340",35,0.89
"246",0.588087626779697,0.586893677871812,4.22522413204788,492.55677767777,1.28135363572225e-133,3,-1980.48425708332,3968.96851416665,3987.13263416341,12318.2380865674,690,693,0.495,-0.0151,4.21606870605213,"YouToo_AT_01",1,0.91
"247",0.190917429098005,0.187231403718042,3.41894605900664,51.7949306957551,6.37425818359978e-21,3,-1169.03060952201,2346.06121904401,2362.42645857232,5131.55535578029,439,442,0.164,-0.0144,3.4073235458508,"YouToo_AT_02",2,0.91
"248",0.430561845790045,0.428400790176345,1.94170281938382,199.236818830805,3.63219647002754e-65,3,-1102.222786146,2212.44557229199,2229.53708031818,1986.90058504922,527,530,0.742,-0.0121,1.93619963547015,"YouToo_AT_03",3,0.91
"249",0.0157962526011742,0.012880093349622,7.06230795298893,5.41680040030974,0.00463652200243823,3,-2285.87234775142,4579.74469550285,4597.82128465461,33666.4306954242,675,678,0.175,0.0026,7.04666605570505,"YouToo_AT_04",4,0.91
"250",0.019654950815473,0.0105354619858496,7.52709584315055,2.15526891722554,0.118369059158633,3,-747.85320851013,1503.70641702026,1517.24439727142,12181.2919438745,215,218,0.026,0.0024,7.47512447930304,"YouToo_AT_05",5,0.91
"251",0.713761258672959,0.713039345075665,3.48139955773599,988.70732086011,3.91575902251532e-216,3,-2120.93000889689,4249.86001779379,4268.57841453716,9611.27330431926,793,796,0.593,-0.0121,3.47483293845184,"YouToo_AT_06",6,0.91
"252",0.92863800714423,0.927878837007467,0.965094998853925,1223.22778804656,1.68226785742468e-108,3,-262.719365940568,533.438731881135,546.447825593322,175.104771080817,188,191,0.513,0.0145,0.957485721137547,"YouToo_AT_112",7,0.91
"253",0.817231889796243,0.814080715482385,1.54053051935056,259.342012976658,1.54961722928369e-43,3,-218.757549154206,445.515098308413,456.631592280859,275.295176601859,116,119,0.657,0.0116,1.52098811481016,"YouToo_AT_152",8,0.91
"254",0.794417440908628,0.79233030832902,2.48202210403902,380.62624706759,2.1337689132275e-68,3,-464.091061355865,936.182122711729,949.375392177921,1213.60544381284,197,200,0.813,-0.0165,2.4633366028751,"YouToo_AT_172",9,0.91
"255",0.916921130569,0.915971657775503,0.924469195806793,965.716065640761,2.85381333253598e-95,3,-237.078946971499,482.157893942997,494.885028144165,149.56257644924,175,178,0.813,-0.0117,0.916645620474487,"YouToo_AT_19",10,0.91
"256",0.953529243847532,0.953412921554284,0.981461690558165,8197.30437928015,0,3,-1121.47862849091,2250.95725698182,2269.70569141329,769.6503729766,799,802,0.737,0.0135,0.979624319167297,"YouToo_AT_21",11,0.91
"257",0.623304664740822,0.599001739885391,2.22890365499894,25.6473107022563,2.67823545189823e-07,3,-73.9248979084495,155.849795816899,161.955237915364,154.008356601297,31,34,0.138,0.0074,2.12829921465403,"YouToo_AT_24",12,0.91
"258",0.301255366164633,0.291201486541102,7.99288319099485,29.9640912210212,1.51403094744316e-11,3,-495.127519214301,998.255038428602,1010.07834665901,8880.17925697943,139,142,0.256,-0.0347,7.90800060955361,"YouToo_AT_317",13,0.91
"259",0.4623109319298,0.452445077469796,6.83679802495488,46.8596951033502,2.06039634036094e-15,3,-372.700443997822,753.400887995645,764.274883480825,5094.85698850893,109,112,0.387,0.0196,6.74461226018652,"YouToo_AT_318",14,0.91
"260",0.792159196928049,0.790198434634918,4.52241208091671,404.005727620792,4.78041995006903e-73,3,-628.006003153643,1264.01200630729,1277.4945584198,4335.86873827974,212,215,0.242,-0.026,4.49074952996,"YouToo_AT_319",15,0.91
"261",0.20259450497314,0.199366142645096,8.39153106311453,62.7545747307396,5.18523396350548e-25,3,-1760.93773181486,3529.87546362972,3546.70982373411,34786.3900301088,494,497,0.036,0.012,8.36616617568,"YouToo_AT_320",16,0.91
"262",0.916996870126289,0.910612013982157,1.35467822088533,143.620599967489,8.87622080539985e-15,3,-48.3691823017309,104.738364603462,110.207547923408,47.7139801356669,26,29,0.631,0.0165,1.28269624613569,"YouToo_AT_321",17,0.91
"263",0.91626600810406,0.91254449735313,1.64057668029303,246.208077693965,5.82492598465738e-25,3,-90.3224201754311,188.644840350862,196.129644394494,121.117132976458,45,48,0.658,-0.0126,1.58848154023778,"YouToo_AT_323",18,0.91
"264",0.0613288896565573,0.0533740497383927,7.97199309697351,7.70963215947484,0.000570935833866425,3,-833.765169890104,1675.53033978021,1689.43619398793,14998.4310494136,236,239,0.089,-0.0108,7.92180166561532,"YouToo_AT_324",19,0.91
"265",0.027062878004162,0.0126489947153348,8.63698098553563,1.87755634355243,0.156935879943291,3,-491.83230065072,991.66460130144,1003.37361604207,10070.654473508,135,138,0.006,-0.0076,8.54258491642934,"YouToo_AT_325",20,0.91
"266",0.470345063023967,0.46598576313116,6.08615534958402,107.894633218529,2.91845167749686e-34,3,-791.829735691437,1591.65947138287,1605.6807975266,9001.03272624266,243,246,0.084,0.0282,6.04893080864839,"YouToo_AT_326",21,0.91
"267",0.65465092903373,0.652083277948479,6.70557792723071,254.961015846012,7.86575253197536e-63,3,-902.04254780691,1812.08509561382,1826.508303879,12095.524565966,269,272,0.089,0.0449,6.66849610602357,"YouToo_AT_327",22,0.91
"268",0.27903151342161,0.275716715782169,4.53504199197254,84.1775407649547,1.24965858238087e-31,3,-1282.17335923776,2572.34671847553,2588.67559411704,8946.47355299511,435,438,0.281,-0.0138,4.51948434065971,"YouToo_AT_328",23,0.91
"269",0.458676172143738,0.457951023010642,8.97994814144548,632.526677906036,1.06110443150276e-199,3,-5404.94172432423,10817.8834486485,10839.1256492826,120394.726654214,1493,1496,0.025,-0.0223,8.97093966419902,"YouToo_AT_329",24,0.91
"270",0.778876631591695,0.770686877206202,3.70270327957033,95.1037839390378,2.01899534867013e-18,3,-153.955181218338,315.910362436676,324.082567508014,740.340625133208,54,57,0.579,0.0172,3.60394672822461,"YouToo_AT_330",25,0.91
"271",0.0218301270329186,0.0140668740728624,7.57893320826305,2.81198192886923,0.0619725859667469,3,-876.790407890875,1761.58081578175,1775.74586996238,14474.9376009787,252,255,0.027,-0.0042,7.5342193477698,"YouToo_AT_331",26,0.91
"272",0.444364649609408,0.438694901136035,5.3618236965088,78.3746671825497,9.75904020146536e-26,3,-615.038874301887,1238.07774860377,1251.25096790267,5634.83405707888,196,199,0.182,-0.0186,5.32125446023277,"YouToo_AT_332",27,0.91
"273",0.705891736320121,0.698629803883581,6.41376970891048,97.2043932505142,2.9822407672701e-22,3,-273.772960213523,555.545920427046,565.26918762242,3332.05179219395,81,84,0.701,0.0173,6.29819682452082,"YouToo_AT_333",28,0.91
"274",0.285209753747777,0.265626459329908,5.49363305625941,14.5639312600811,4.75904207727439e-06,3,-235.781744817131,479.563489634263,488.886422995408,2203.14030344831,73,76,0.205,0.0086,5.3841144307367,"YouToo_AT_334",29,0.91
"275",0.0147055374525568,0.00820194364036231,8.6395969814803,2.26114020604787,0.105987675111511,3,-1092.53270624105,2193.0654124821,2207.95975288991,22616.7187087283,303,306,0.01,0.0022,8.59714170252884,"YouToo_AT_335",30,0.91
"276",0.130819639990598,0.124588956406302,7.97798391887881,20.9960332956569,3.20502683532189e-09,3,-984.258008657266,1976.51601731453,1991.08364559828,17757.855447359,279,282,0.114,-0.0079,7.93543436792568,"YouToo_AT_336",31,0.91
"277",0.391151613416076,0.372701662307473,5.724526145714,21.2006856339945,7.7410926264738e-08,3,-216.761597575221,441.523195150442,450.459621168831,2162.83317313557,66,69,0.401,0.0098,5.59869701862072,"YouToo_AT_337",32,0.91
"278",0.00126871162330427,-0.0289958728729593,12.7653793170873,0.0419206688088155,0.958971363884899,3,-272.098009812448,552.196019624895,561.132445643285,10755.024001202,66,69,0.136,-0.0013,12.4847872653441,"YouToo_AT_338",33,0.91
"279",0.000262150951880457,-0.0179149008489943,9.45952943190897,0.0144220831162421,0.985683280443223,3,-412.733341357784,833.466682715568,844.376233990417,9843.09667804671,110,113,0.025,-3e-04,9.33311578457061,"YouToo_AT_339",34,0.91
"280",0.0957537135391571,0.0904964676876405,10.2789508252218,18.2136647673678,3.0291322056421e-08,3,-1299.40922292581,2606.81844585162,2622.21574497141,36345.9495431606,344,347,0.006,-0.0099,10.2344208649725,"YouToo_AT_340",35,0.91
